"","Var","N","RhoRef","RhoEst","k","Theta","Contador","SMAUP","Smaup_New","Rechazos"
"1","SAR0_0.9",30,0.9,0.886283494616,794,0.882222222222,30,0.137458105335,0.010891082271657,0
"2","SAR1_0.9",30,0.9,0.91525840658,800,0.888888888889,30,0.138625744244,0.010446608473326,0
"3","SAR0_0.9",30,0.9,0.880653004179,520,0.577777777778,30,0.0729722358055,0.0508929884242606,0
"4","SAR1_0.9",30,0.9,0.897771681677,468,0.52,30,0.0626800026419,0.0634907946545092,0
"5","SAR0_0.9",30,0.9,0.891774020462,196,0.217777777778,30,0.0407307285633,0.174371042957501,0
"6","SAR1_0.9",30,0.9,0.892976349638,688,0.764444444444,30,0.108649632499,0.0204314658230222,0
"7","SAR0_0.9",30,0.9,0.881418690766,550,0.611111111111,30,0.0784652372754,0.0437124703161237,0
"8","SAR1_0.9",30,0.9,0.894328770681,750,0.833333333333,30,0.125006548744,0.0142025822409087,0
"9","SAR0_0.9",30,0.9,0.868030114778,838,0.931111111111,30,0.150101221506,0.00828020747427731,0
"10","SAR1_0.9",30,0.9,0.883309211979,584,0.648888888889,30,0.0851324802875,0.0365414919328184,0
"11","SAR0_0.9",30,0.9,0.88925292236,864,0.96,30,0.157508726345,0.00700672986122449,0
"12","SAR1_0.9",30,0.9,0.922806711532,30,0.0333333333333,30,0.078405078798,0.513299182250899,1
"13","SAR0_0.9",30,0.9,0.904553428638,676,0.751111111111,30,0.104965306086,0.0217309142633052,0
"14","SAR1_0.9",30,0.9,0.894878113726,346,0.384444444444,30,0.0478484459241,0.104835521346174,0
"15","SAR0_0.9",30,0.9,0.886568197681,824,0.915555555556,30,0.145970735368,0.00903459678874319,0
"16","SAR1_0.9",30,0.9,0.909446082274,626,0.695555555556,30,0.0924616701713,0.0285214111828233,0
"17","SAR0_0.9",30,0.9,0.896298324504,86,0.0955555555556,30,0.0508193842704,0.294872930744303,0
"18","SAR1_0.9",30,0.9,0.893725541739,750,0.833333333333,30,0.125027152902,0.01420523311203,0
"19","SAR0_0.9",30,0.9,0.902972762314,762,0.846666666667,30,0.128052556931,0.0131845821778111,0
"20","SAR1_0.9",30,0.9,0.908620663502,888,0.986666666667,30,0.164671601475,0.00600506914877284,0
"21","SAR0_0.9",30,0.9,0.876361523081,192,0.213333333333,30,0.0426599000328,0.185263759855049,0
"22","SAR1_0.9",30,0.9,0.895771343589,810,0.9,30,0.141841195695,0.0098499411263173,0
"23","SAR0_0.9",30,0.9,0.899805454544,700,0.777777777778,30,0.111388148631,0.0190041576804037,0
"24","SAR1_0.9",30,0.9,0.908098857861,718,0.797777777778,30,0.115767105476,0.0170624695437638,0
"25","SAR0_0.9",30,0.9,0.873398567241,672,0.746666666667,30,0.105759571989,0.0226449351814446,0
"26","SAR1_0.9",30,0.9,0.883801997485,576,0.64,30,0.083436530971,0.0380968634646097,0
"27","SAR0_0.9",30,0.9,0.888931438221,500,0.555555555556,30,0.0687222404534,0.0554589974741518,0
"28","SAR1_0.9",30,0.9,0.884980134866,692,0.768888888889,30,0.110086765097,0.0200509200288703,0
"29","SAR0_0.9",30,0.9,0.914262060033,748,0.831111111111,30,0.123764299974,0.0142826819396913,0
"30","SAR1_0.9",30,0.9,0.893750022056,188,0.208888888889,30,0.0405548425311,0.178300377792104,0
"31","SAR0_0.9",30,0.9,0.893674579707,824,0.915555555556,30,0.145896682897,0.00902855386434978,0
"32","SAR1_0.9",30,0.9,0.883814120151,726,0.806666666667,30,0.118944899393,0.0164428685873246,0
"33","SAR0_0.9",30,0.9,0.910361394251,740,0.822222222222,30,0.121679097949,0.0149916696252828,0
"34","SAR1_0.9",30,0.9,0.891541160332,760,0.844444444444,30,0.127847107214,0.0133859336345662,0
"35","SAR0_0.9",30,0.9,0.890501016707,850,0.944444444444,30,0.153441066438,0.00766267157722448,0
"36","SAR1_0.9",30,0.9,0.906943406403,468,0.52,30,0.0617847420489,0.0625486952853175,0
"37","SAR0_0.9",30,0.9,0.879094350834,676,0.751111111111,30,0.106411038613,0.0220569989265014,0
"38","SAR1_0.9",30,0.9,0.922177786748,186,0.206666666667,30,0.0371930492847,0.164350526141369,0
"39","SAR0_0.9",30,0.9,0.918709583807,660,0.733333333333,30,0.100094250745,0.023545179676667,0
"40","SAR1_0.9",30,0.9,0.862877776408,506,0.562222222222,30,0.0722046646832,0.0558713064881558,0
"41","SAR0_0.9",30,0.9,0.89135081202,270,0.3,30,0.0426960623888,0.136888544457387,0
"42","SAR1_0.9",30,0.9,0.868540699989,740,0.822222222222,30,0.12323984124,0.0152079876212253,0
"43","SAR0_0.9",30,0.9,0.892561638639,360,0.4,30,0.0494507675002,0.100113034318886,0
"44","SAR1_0.9",30,0.9,0.865632476436,202,0.224444444444,30,0.0439411591894,0.184551292256793,0
"45","SAR0_0.9",30,0.9,0.883597874341,234,0.26,30,0.0421662322532,0.157204321431668,0
"46","SAR1_0.9",30,0.9,0.881414985041,412,0.457777777778,30,0.0564990833073,0.0834016677480212,0
"47","SAR0_0.9",30,0.9,0.907968461296,416,0.462222222222,30,0.0542707797054,0.0779520912870502,0
"48","SAR1_0.9",30,0.9,0.897448219302,586,0.651111111111,30,0.0844274326382,0.0356524100356443,0
"49","SAR0_0.9",30,0.9,0.902063391122,888,0.986666666667,30,0.164614132677,0.00600340886048438,0
"50","SAR1_0.9",30,0.9,0.900047480939,182,0.202222222222,30,0.0398755489202,0.178705057668065,0
"51","SAR0_0.9",30,0.9,0.870823439649,498,0.553333333333,30,0.0701086844724,0.0574672294418533,0
"52","SAR1_0.9",30,0.9,0.884248304455,598,0.664444444444,30,0.0880278863481,0.0338843046698057,0
"53","SAR0_0.9",30,0.9,0.892969903957,660,0.733333333333,30,0.101672240604,0.023947228516817,0
"54","SAR1_0.9",30,0.9,0.914911778736,672,0.746666666667,30,0.103354585115,0.022085659375703,0
"55","SAR0_0.9",30,0.9,0.885684964761,490,0.544444444444,30,0.0673624707669,0.0584374599968907,0
"56","SAR1_0.9",30,0.9,0.892882630699,320,0.355555555556,30,0.0458176097698,0.115449806563603,0
"57","SAR0_0.9",30,0.9,0.909143348367,500,0.555555555556,30,0.0668219886027,0.0538586891112373,0
"58","SAR1_0.9",30,0.9,0.924027405182,838,0.931111111111,30,0.149762531523,0.00825219279307632,0
"59","SAR0_0.9",30,0.9,0.897851568028,538,0.597777777778,30,0.0747311226735,0.0455310448397334,0
"60","SAR1_0.9",30,0.9,0.891836521287,450,0.5,30,0.0605695146057,0.0694913516236029,0
"61","SAR0_0.9",30,0.9,0.891094232362,762,0.846666666667,30,0.128412698314,0.0132270224530174,0
"62","SAR1_0.9",30,0.9,0.905760674792,152,0.168888888889,30,0.0402431175062,0.197449708020273,0
"63","SAR0_0.9",30,0.9,0.903820389221,732,0.813333333333,30,0.11973717672,0.0157505199160194,0
"64","SAR1_0.9",30,0.9,0.919540137219,498,0.553333333333,30,0.0655067802032,0.0535347326522511,0
"65","SAR0_0.9",30,0.9,0.89849240958,834,0.926666666667,30,0.148751796402,0.00847583565050571,0
"66","SAR1_0.9",30,0.9,0.900499066573,410,0.455555555556,30,0.0542687076733,0.0810462063797666,0
"67","SAR0_0.9",30,0.9,0.888540177993,216,0.24,30,0.0412162011427,0.164462958709024,0
"68","SAR1_0.9",30,0.9,0.853138100725,320,0.355555555556,30,0.050283274508,0.126999960047631,0
"69","SAR0_0.9",30,0.9,0.87821886834,682,0.757777777778,30,0.107941831306,0.021319563056785,0
"70","SAR1_0.9",30,0.9,0.904791931623,888,0.986666666667,30,0.164638049706,0.00600409979017253,0
"71","SAR0_0.9",30,0.9,0.86964329195,700,0.777777777778,30,0.11288704617,0.0192855321107366,0
"72","SAR1_0.9",30,0.9,0.899298836234,358,0.397777777778,30,0.0485326650051,0.0993488793187781,0
"73","SAR0_0.9",30,0.9,0.931739373851,624,0.693333333333,30,0.0904221273068,0.0283023119357725,0
"74","SAR1_0.9",30,0.9,0.86225328758,326,0.362222222222,30,0.0497127472635,0.121614644491734,0
"75","SAR0_0.9",30,0.9,0.853763208304,442,0.491111111111,30,0.0633259571734,0.0768811554259096,0
"76","SAR1_0.9",30,0.9,0.907043992319,434,0.482222222222,30,0.0567746042483,0.0724790190721828,0
"77","SAR0_0.9",30,0.9,0.911138270914,446,0.495555555556,30,0.0580662043982,0.0683736330801411,0
"78","SAR1_0.9",30,0.9,0.884964784332,828,0.92,30,0.147131145323,0.00881131222480392,0
"79","SAR0_0.9",30,0.9,0.878047186112,790,0.877777777778,30,0.13650920402,0.0111800205962127,0
"80","SAR1_0.9",30,0.9,0.896481867756,174,0.193333333333,30,0.0404933645367,0.186158174888086,0
"81","SAR0_0.9",30,0.9,0.876397394593,262,0.291111111111,30,0.0440245081301,0.146309558888134,0
"82","SAR1_0.9",30,0.9,0.895395015904,186,0.206666666667,30,0.040379949273,0.178682265567733,0
"83","SAR0_0.9",30,0.9,0.889280999518,156,0.173333333333,30,0.0421348878819,0.204551686342511,0
"84","SAR1_0.9",30,0.9,0.873856283708,690,0.766666666667,30,0.110166294151,0.0204025900895342,0
"85","SAR0_0.9",30,0.9,0.87827400553,672,0.746666666667,30,0.105477402532,0.0225792399455754,0
"86","SAR1_0.9",30,0.9,0.875897958657,764,0.848888888889,30,0.129415604707,0.0131204904568228,0
"87","SAR0_0.9",30,0.9,0.885718915202,718,0.797777777778,30,0.116757563719,0.0172244591859047,0
"88","SAR1_0.9",30,0.9,0.910135909803,488,0.542222222222,30,0.0646973263103,0.0568496615576137,0
"89","SAR0_0.9",30,0.9,0.893099918353,866,0.962222222222,30,0.1580998374,0.00691730094087931,0
"90","SAR1_0.9",30,0.9,0.891762891266,826,0.917777777778,30,0.146492480987,0.00891758522129811,0
"91","SAR0_0.9",30,0.9,0.863397599391,826,0.917777777778,30,0.146769989902,0.00894013507957831,0
"92","SAR1_0.9",30,0.9,0.906985199565,166,0.184444444444,30,0.0394474025752,0.185744542264144,0
"93","SAR0_0.9",30,0.9,0.896576877441,232,0.257777777778,30,0.0405981396318,0.152435796679454,0
"94","SAR1_0.9",30,0.9,0.899191981257,652,0.724444444444,30,0.0993393855953,0.0249357437924401,0
"95","SAR0_0.9",30,0.9,0.917213746857,60,0.0666666666667,30,0.0569359343179,0.349315802474483,1
"96","SAR1_0.9",30,0.9,0.88665571534,670,0.744444444444,30,0.104499473903,0.0227231533363219,0
"97","SAR0_0.9",30,0.9,0.900684304333,200,0.222222222222,30,0.0396559834344,0.167384169718003,0
"98","SAR1_0.9",30,0.9,0.912931208699,618,0.686666666667,30,0.0903544763043,0.0296825293594463,0
"99","SAR0_0.9",30,0.9,0.883849853499,294,0.326666666667,30,0.0449395224512,0.129005034558624,0
"100","SAR1_0.9",30,0.9,0.906614060699,592,0.657777777778,30,0.0849970731588,0.0342404803172416,0
"101","SAR0_0.9",30,0.9,0.892463893687,600,0.666666666667,30,0.0878317179813,0.0332693680979597,0
"102","SAR1_0.9",30,0.9,0.881991463758,744,0.826666666667,30,0.123811095829,0.0147801290669274,0
"103","SAR0_0.9",30,0.9,0.89952971912,522,0.58,30,0.0716068473729,0.0491506568229585,0
"104","SAR1_0.9",30,0.9,0.901447218306,526,0.584444444444,30,0.0721658939262,0.0480805871918029,0
"105","SAR0_0.9",30,0.9,0.911647628594,768,0.853333333333,30,0.129489957401,0.0126897195693028,0
"106","SAR1_0.9",30,0.9,0.869650383637,808,0.897777777778,30,0.141671812309,0.0100081686342199,0
"107","SAR0_0.9",30,0.9,0.878832451594,162,0.18,30,0.043189232129,0.206132589212191,0
"108","SAR1_0.9",30,0.9,0.878683701502,704,0.782222222222,30,0.11345811653,0.0187575888575946,0
"109","SAR0_0.9",30,0.9,0.904491408382,596,0.662222222222,30,0.0860345202428,0.0335993293146669,0
"110","SAR1_0.9",30,0.9,0.910580826255,750,0.833333333333,30,0.124450852484,0.0141311079648412,0
"111","SAR0_0.9",30,0.9,0.899457535665,284,0.315555555556,30,0.0425728653441,0.128014950122151,0
"112","SAR1_0.9",30,0.9,0.876584554677,614,0.682222222222,30,0.0920911102635,0.0312833699272937,0
"113","SAR0_0.9",30,0.9,0.876331252966,742,0.824444444444,30,0.123481759812,0.0149866844927293,0
"114","SAR1_0.9",30,0.9,0.896110090544,768,0.853333333333,30,0.129931375416,0.0127395360600572,0
"115","SAR0_0.9",30,0.9,0.905408900224,142,0.157777777778,30,0.0409420827453,0.206585986324597,0
"116","SAR1_0.9",30,0.9,0.89834598068,258,0.286666666667,30,0.0413302471293,0.139565586261034,0
"117","SAR0_0.9",30,0.9,0.900773985633,146,0.162222222222,30,0.0412571702072,0.205936956590081,0
"118","SAR1_0.9",30,0.9,0.88685907231,458,0.508888888889,30,0.0622420784131,0.0676217698346862,0
"119","SAR0_0.9",30,0.9,0.877420584231,734,0.815555555556,30,0.121317576837,0.0157165611074404,0
"120","SAR1_0.9",30,0.9,0.880174324853,326,0.362222222222,30,0.0477018969364,0.116571232140438,0
"121","SAR0_0.9",30,0.9,0.917785241171,722,0.802222222222,30,0.116428993779,0.0166044810069074,0
"122","SAR1_0.9",30,0.9,0.878084685812,800,0.888888888889,30,0.139297429393,0.0105078565268852,0
"123","SAR0_0.9",30,0.9,0.886796550497,684,0.76,30,0.107971485084,0.020975904062631,0
"124","SAR1_0.9",30,0.9,0.880979130488,872,0.968888888889,30,0.159802310169,0.00665452990080395,0
"125","SAR0_0.9",30,0.9,0.87876340705,796,0.884444444444,30,0.13816651808,0.0107709456038646,0
"126","SAR1_0.9",30,0.9,0.891693726919,320,0.355555555556,30,0.0459477322095,0.115785594838589,0
"127","SAR0_0.9",30,0.9,0.903722414073,234,0.26,30,0.039834916194,0.148350524658542,0
"128","SAR1_0.9",30,0.9,0.896658302851,166,0.184444444444,30,0.0407329273646,0.191904203831604,0
"129","SAR0_0.9",30,0.9,0.877057542988,474,0.526666666667,30,0.0656457765219,0.0638378497846274,0
"130","SAR1_0.9",30,0.9,0.904221015102,470,0.522222222222,30,0.0623617263277,0.0622664942829296,0
"131","SAR0_0.9",30,0.9,0.892891553387,776,0.862222222222,30,0.132254800802,0.0121454975142337,0
"132","SAR1_0.9",30,0.9,0.884325638657,750,0.833333333333,30,0.125348016965,0.0142465213451209,0
"133","SAR0_0.9",30,0.9,0.894049707389,556,0.617777777778,30,0.0785491412086,0.0417788628610308,0
"134","SAR1_0.9",30,0.9,0.878820182341,604,0.671111111111,30,0.0897380677901,0.0329694879231095,0
"135","SAR0_0.9",30,0.9,0.903494640928,172,0.191111111111,30,0.0396838748131,0.183502153197862,0
"136","SAR1_0.9",30,0.9,0.905423443086,868,0.964444444444,30,0.158721332035,0.00682938186737415,0
"137","SAR0_0.9",30,0.9,0.899544212521,342,0.38,30,0.0469784666784,0.105202987063976,0
"138","SAR1_0.9",30,0.9,0.896378796165,852,0.946666666667,30,0.154011274806,0.0075643636391885,0
"139","SAR0_0.9",30,0.9,0.890683058709,158,0.175555555556,30,0.0418482358508,0.201964577167707,0
"140","SAR1_0.9",30,0.9,0.907343348858,852,0.946666666667,30,0.153992019179,0.00756195811298777,0
"141","SAR0_0.9",30,0.9,0.877264621427,190,0.211111111111,30,0.0425702745634,0.186099343836484,0
"142","SAR1_0.9",30,0.9,0.908894144278,182,0.202222222222,30,0.0388077455,0.173838355018427,0
"143","SAR0_0.9",30,0.9,0.906822832316,480,0.533333333333,30,0.0637013953827,0.0592680225194509,0
"144","SAR1_0.9",30,0.9,0.9054415222,862,0.957777777778,30,0.156947428562,0.00709632729511918,0
"145","SAR0_0.9",30,0.9,0.881813179115,466,0.517777777778,30,0.0639463403468,0.0657480690479327,0
"146","SAR1_0.9",30,0.9,0.906644644563,832,0.924444444444,30,0.148105255282,0.00857785146323386,0
"147","SAR0_0.9",30,0.9,0.903786281927,450,0.5,30,0.0593775411863,0.0680738181180527,0
"148","SAR1_0.9",30,0.9,0.889693637978,648,0.72,30,0.0989864546661,0.0256656303680843,0
"149","SAR0_0.9",30,0.9,0.89564088166,408,0.453333333333,30,0.0545194904281,0.0824892899468978,0
"150","SAR1_0.9",30,0.9,0.878191992486,272,0.302222222222,30,0.0443008289331,0.140876890068,0
"151","SAR0_0.9",30,0.9,0.902966344682,730,0.811111111111,30,0.119228078141,0.0159416733006486,0
"152","SAR1_0.9",30,0.9,0.9130478474,824,0.915555555556,30,0.14569462094,0.00901206483739199,0
"153","SAR0_0.9",30,0.9,0.899917807551,632,0.702222222222,30,0.0945267605036,0.0278199143850526,0
"154","SAR1_0.9",30,0.9,0.906099597773,694,0.771111111111,30,0.109505842293,0.0196065263947753,0
"155","SAR0_0.9",30,0.9,0.903750648079,324,0.36,30,0.0449634036245,0.110889751794622,0
"156","SAR1_0.9",30,0.9,0.925109863282,356,0.395555555556,30,0.0456353797033,0.0943506679367884,0
"157","SAR0_0.9",30,0.9,0.905693273691,284,0.315555555556,30,0.0418871901379,0.12591000806703,0
"158","SAR1_0.9",30,0.9,0.926406195962,814,0.904444444444,30,0.142573909677,0.00957282647870998,0
"159","SAR0_0.9",30,0.9,0.886361793333,804,0.893333333333,30,0.140279279415,0.0102370727840604,0
"160","SAR1_0.9",30,0.9,0.897259064724,714,0.793333333333,30,0.11518635973,0.0175454669114674,0
"161","SAR0_0.9",30,0.9,0.919994039105,700,0.777777777778,30,0.110382554624,0.0188156426133191,0
"162","SAR1_0.9",30,0.9,0.916003885949,394,0.437777777778,30,0.0507220878236,0.0836912335608359,0
"163","SAR0_0.9",30,0.9,0.879734721664,844,0.937777777778,30,0.151746717032,0.00796457335280045,0
"164","SAR1_0.9",30,0.9,0.903501484391,640,0.711111111111,30,0.0961743316355,0.0265578800663469,0
"165","SAR0_0.9",30,0.9,0.873108062653,870,0.966666666667,30,0.159196327859,0.00674063107459403,0
"166","SAR1_0.9",30,0.9,0.878918877608,694,0.771111111111,30,0.110906405183,0.019881680241421,0
"167","SAR0_0.9",30,0.9,0.898248184713,812,0.902222222222,30,0.142380458531,0.00972533097111589,0
"168","SAR1_0.9",30,0.9,0.859263707361,792,0.88,30,0.137452047225,0.0110796213509819,0
"169","SAR0_0.9",30,0.9,0.883114960695,502,0.557777777778,30,0.0696114230175,0.0553870143628533,0
"170","SAR1_0.9",30,0.9,0.866240253464,640,0.711111111111,30,0.0986577473152,0.0272966157420707,0
"171","SAR0_0.9",30,0.9,0.904355933955,462,0.513333333333,30,0.0611132352408,0.0645158810603741,0
"172","SAR1_0.9",30,0.9,0.910617138945,218,0.242222222222,30,0.0386741866856,0.153008937407498,0
"173","SAR0_0.9",30,0.9,0.906692772918,880,0.977777777778,30,0.162281747294,0.00632294523107003,0
"174","SAR1_0.9",30,0.9,0.912742303401,194,0.215555555556,30,0.0382420524979,0.164644140817189,0
"175","SAR0_0.9",30,0.9,0.881866011673,364,0.404444444444,30,0.0510047384055,0.100964291514087,0
"176","SAR1_0.9",30,0.9,0.895282275233,694,0.771111111111,30,0.11006362704,0.0197160582024942,0
"177","SAR0_0.9",30,0.9,0.887887514207,648,0.72,30,0.0991030197444,0.0256982326459616,0
"178","SAR1_0.9",30,0.9,0.888732127551,330,0.366666666667,30,0.0470924387919,0.112610891066361,0
"179","SAR0_0.9",30,0.9,0.892736681154,846,0.94,30,0.152273013479,0.00785937659482989,0
"180","SAR1_0.9",30,0.9,0.884508457582,398,0.442222222222,30,0.0544661877315,0.0878275992092115,0
"181","SAR0_0.9",30,0.9,0.893499848207,478,0.531111111111,30,0.064666605835,0.0610740215459981,0
"182","SAR1_0.9",30,0.9,0.884840600383,866,0.962222222222,30,0.158079731589,0.00691728047526063,0
"183","SAR0_0.9",30,0.9,0.882563086016,66,0.0733333333333,30,0.0598401474978,0.363299725193839,1
"184","SAR1_0.9",30,0.9,0.894885052011,600,0.666666666667,30,0.0876468469105,0.0331948171337785,0
"185","SAR0_0.9",30,0.9,0.884491717647,124,0.137777777778,30,0.0455041579067,0.241133826218531,0
"186","SAR1_0.9",30,0.9,0.896177130749,200,0.222222222222,30,0.0401929031118,0.169691304829945,0
"187","SAR0_0.9",30,0.9,0.893522256878,730,0.811111111111,30,0.119610751059,0.0159988251288363,0
"188","SAR1_0.9",30,0.9,0.909292482083,710,0.788888888889,30,0.113568178918,0.0178605825228972,0
"189","SAR0_0.9",30,0.9,0.904523003168,638,0.708888888889,30,0.0956297449147,0.0268292004825869,0
"190","SAR1_0.9",30,0.9,0.882936060256,374,0.415555555556,30,0.0519300708896,0.0969281531785011,0
"191","SAR0_0.9",30,0.9,0.906202851716,154,0.171111111111,30,0.0400770158779,0.19550643475439,0
"192","SAR1_0.9",30,0.9,0.888238455434,788,0.875555555556,30,0.135730501471,0.0112970672512552,0
"193","SAR0_0.9",30,0.9,0.890285893201,660,0.733333333333,30,0.101836734233,0.0239891801307165,0
"194","SAR1_0.9",30,0.9,0.906182615904,502,0.557777777778,30,0.0674438170725,0.0535864517747626,0
"195","SAR0_0.9",30,0.9,0.88670378985,218,0.242222222222,30,0.0414631387732,0.16425275650327,0
"196","SAR1_0.9",30,0.9,0.910407629197,198,0.22,30,0.0385101337636,0.16358367416418,0
"197","SAR0_0.9",30,0.9,0.898787777623,104,0.115555555556,30,0.0464584532054,0.25847295661267,0
"198","SAR1_0.9",30,0.9,0.90202049111,296,0.328888888889,30,0.0430561347872,0.122288267619467,0
"199","SAR0_0.9",30,0.9,0.914354978511,530,0.588888888889,30,0.0717540150277,0.0463674400460695,0
"200","SAR1_0.9",30,0.9,0.894788029505,740,0.822222222222,30,0.122261245468,0.015072315503365,0
"201","SAR0_0.9",30,0.9,0.916503690634,694,0.771111111111,30,0.108968913037,0.0195011532779247,0
"202","SAR1_0.9",30,0.9,0.907339200396,722,0.802222222222,30,0.116879114012,0.016675848069501,0
"203","SAR0_0.9",30,0.9,0.887586312535,584,0.648888888889,30,0.084790479259,0.0363857459822621,0
"204","SAR1_0.9",30,0.9,0.888170808259,672,0.746666666667,30,0.104904364077,0.0224458869007276,0
"205","SAR0_0.9",30,0.9,0.910993451608,550,0.611111111111,30,0.0759103189436,0.0422145256102609,0
"206","SAR1_0.9",30,0.9,0.888767551173,178,0.197777777778,30,0.0413506440222,0.187808087978831,0
"207","SAR0_0.9",30,0.9,0.884658949533,174,0.193333333333,30,0.0419762667526,0.193101159599958,0
"208","SAR1_0.9",30,0.9,0.913249916738,232,0.257777777778,30,0.0387018773395,0.145187746373654,0
"209","SAR0_0.9",30,0.9,0.892414874121,452,0.502222222222,30,0.0608029223516,0.0688111711066278,0
"210","SAR1_0.9",30,0.9,0.906214463743,170,0.188888888889,30,0.0394094351878,0.183330974675842,0
"211","SAR0_0.9",30,0.9,0.887764234016,316,0.351111111111,30,0.046066528907,0.118530889988305,0
"212","SAR1_0.9",30,0.9,0.912855487994,612,0.68,30,0.0889821146995,0.0306450541501119,0
"213","SAR0_0.9",30,0.9,0.901739166146,344,0.382222222222,30,0.0469278501435,0.103923474916671,0
"214","SAR1_0.9",30,0.9,0.924277633689,764,0.848888888889,30,0.127979420606,0.0129536836557036,0
"215","SAR0_0.9",30,0.9,0.91232301831,628,0.697777777778,30,0.0927298516735,0.0281508012399573,0
"216","SAR1_0.9",30,0.9,0.856974786985,418,0.464444444444,30,0.0598301853474,0.0850996735365664,0
"217","SAR0_0.9",30,0.9,0.916424292675,680,0.755555555556,30,0.105320428165,0.0211016869174273,0
"218","SAR1_0.9",30,0.9,0.876412427501,656,0.728888888889,30,0.101732798205,0.0247614874454678,0
"219","SAR0_0.9",30,0.9,0.90131165154,594,0.66,30,0.0858442901296,0.0340578155049551,0
"220","SAR1_0.9",30,0.9,0.899918962015,200,0.222222222222,30,0.039746836765,0.167774479063522,0
"221","SAR0_0.9",30,0.9,0.915802273208,836,0.928888888889,30,0.149218730146,0.00836035101552654,0
"222","SAR1_0.9",30,0.9,0.896651749339,646,0.717777777778,30,0.098058231003,0.0258243755715342,0
"223","SAR0_0.9",30,0.9,0.911320627073,720,0.8,30,0.11616533141,0.0168429045148341,0
"224","SAR1_0.9",30,0.9,0.90300434393,214,0.237777777778,30,0.0394878202817,0.158596955683833,0
"225","SAR0_0.9",30,0.9,0.907722613045,638,0.708888888889,30,0.0954149307374,0.0267644181505775,0
"226","SAR1_0.9",30,0.9,0.88801364216,208,0.231111111111,30,0.0411994294551,0.169214577020596,0
"227","SAR0_0.9",30,0.9,0.881287164033,720,0.8,30,0.117475793204,0.0170540085269413,0
"228","SAR1_0.9",30,0.9,0.90685634501,734,0.815555555556,30,0.120162788732,0.0155491659845997,0
"229","SAR0_0.9",30,0.9,0.917421753986,490,0.544444444444,30,0.0643427241346,0.0557091294244692,0
"230","SAR1_0.9",30,0.9,0.904956270053,544,0.604444444444,30,0.0752579158108,0.0438093220272489,0
"231","SAR0_0.9",30,0.9,0.927786714373,790,0.877777777778,30,0.13544970361,0.0110771857330429,0
"232","SAR1_0.9",30,0.9,0.883859529178,224,0.248888888889,30,0.0419041972832,0.162349371219498,0
"233","SAR0_0.9",30,0.9,0.89802265154,240,0.266666666667,30,0.0406700498869,0.147949461769045,0
"234","SAR1_0.9",30,0.9,0.887361143304,202,0.224444444444,30,0.0412559861639,0.173061762412814,0
"235","SAR0_0.9",30,0.9,0.895447453121,228,0.253333333333,30,0.0406278612143,0.154930176174153,0
"236","SAR1_0.9",30,0.9,0.880629505093,230,0.255555555556,30,0.0424169481388,0.16064411327541,0
"237","SAR0_0.9",30,0.9,0.894703956134,848,0.942222222222,30,0.152848378274,0.00775959099427648,0
"238","SAR1_0.9",30,0.9,0.893365347778,662,0.735555555556,30,0.102136683638,0.0236738255049959,0
"239","SAR0_0.9",30,0.9,0.903788852431,574,0.637777777778,30,0.0813901507879,0.0376957362643539,0
"240","SAR1_0.9",30,0.9,0.883806409593,268,0.297777777778,30,0.0434533844237,0.140615544475902,0
"241","SAR0_0.9",30,0.9,0.920946313507,798,0.886666666667,30,0.137935942986,0.0105652332834974,0
"242","SAR1_0.9",30,0.9,0.860432139725,672,0.746666666667,30,0.106509570145,0.0228196500509655,0
"243","SAR0_0.9",30,0.9,0.881646227498,626,0.695555555556,30,0.0944129611767,0.0291669442231481,0
"244","SAR1_0.9",30,0.9,0.910552644727,606,0.673333333333,30,0.0877932620606,0.0316973223298542,0
"245","SAR0_0.9",30,0.9,0.890142842307,476,0.528888888889,30,0.0646760994637,0.0619647168949839,0
"246","SAR1_0.9",30,0.9,0.905614083673,654,0.726666666667,30,0.0994206501609,0.0245525723907601,0
"247","SAR0_0.9",30,0.9,0.895617112093,652,0.724444444444,30,0.0995662851929,0.0249972500780273,0
"248","SAR1_0.9",30,0.9,0.883127464649,182,0.202222222222,30,0.0419677223237,0.188255311530189,0
"249","SAR0_0.9",30,0.9,0.891968388873,840,0.933333333333,30,0.150535753362,0.00816431713305675,0
"250","SAR1_0.9",30,0.9,0.876764801394,312,0.346666666667,30,0.046988937254,0.123473593308788,0
"251","SAR0_0.9",30,0.9,0.887394544973,306,0.34,30,0.045362981132,0.122773198663536,0
"252","SAR1_0.9",30,0.9,0.89057309041,270,0.3,30,0.0427840046953,0.137176428768489,0
"253","SAR0_0.9",30,0.9,0.937436111208,764,0.848888888889,30,0.12758733757,0.0129081831176559,0
"254","SAR1_0.9",30,0.9,0.898981018737,750,0.833333333333,30,0.124847592046,0.0141821331099185,0
"255","SAR0_0.9",30,0.9,0.858078009848,840,0.933333333333,30,0.150719612396,0.00817976118067937,0
"256","SAR1_0.9",30,0.9,0.888030624063,568,0.631111111111,30,0.0814575593409,0.0395439416644545,0
"257","SAR0_0.9",30,0.9,0.905845359857,118,0.131111111111,30,0.0432999026847,0.232681519654992,0
"258","SAR1_0.9",30,0.9,0.886920024352,600,0.666666666667,30,0.0882552473799,0.0334402193285614,0
"259","SAR0_0.9",30,0.9,0.899278573306,884,0.982222222222,30,0.163411468916,0.00616028954437436,0
"260","SAR1_0.9",30,0.9,0.893621129766,328,0.364444444444,30,0.0463907793411,0.112087017628706,0
"261","SAR0_0.9",30,0.9,0.900074042552,662,0.735555555556,30,0.101729174291,0.0235715153928357,0
"262","SAR1_0.9",30,0.9,0.925124723621,132,0.146666666667,30,0.0392211321068,0.203087967703208,0
"263","SAR0_0.9",30,0.9,0.895101138675,106,0.117777777778,30,0.0466352399743,0.25827235523619,0
"264","SAR1_0.9",30,0.9,0.903866302701,800,0.888888888889,30,0.138831852438,0.0104654000159113,0
"265","SAR0_0.9",30,0.9,0.90040422625,764,0.848888888889,30,0.128689193308,0.0130360935622428,0
"266","SAR1_0.9",30,0.9,0.926651677778,730,0.811111111111,30,0.118266514308,0.0157981647224721,0
"267","SAR0_0.9",30,0.9,0.874958646456,450,0.5,30,0.0622716380526,0.0715188244031496,0
"268","SAR1_0.9",30,0.9,0.890188896268,226,0.251111111111,30,0.0411967394794,0.158348575085869,0
"269","SAR0_0.9",30,0.9,0.884028240466,498,0.553333333333,30,0.0688494582531,0.0563891494331536,0
"270","SAR1_0.9",30,0.9,0.879109958541,588,0.653333333333,30,0.0863037061516,0.0359211696526072,0
"271","SAR0_0.9",30,0.9,0.888739118219,726,0.806666666667,30,0.118739453404,0.0164112289493245,0
"272","SAR1_0.9",30,0.9,0.88880626555,684,0.76,30,0.107862041374,0.0209526833512529,0
"273","SAR0_0.9",30,0.9,0.876268923519,886,0.984444444444,30,0.163811566293,0.00607562477646778,0
"274","SAR1_0.9",30,0.9,0.911139715595,724,0.804444444444,30,0.117258839099,0.0164575596912847,0
"275","SAR0_0.9",30,0.9,0.88441928975,736,0.817777777778,30,0.121577209139,0.0154912305599062,0
"276","SAR1_0.9",30,0.9,0.869959063159,732,0.813333333333,30,0.121086054206,0.015949054375498,0
"277","SAR0_0.9",30,0.9,0.918267626889,290,0.322222222222,30,0.0409045313524,0.11945704157836,0
"278","SAR1_0.9",30,0.9,0.908758350761,824,0.915555555556,30,0.145739382995,0.00901571760350656,0
"279","SAR0_0.9",30,0.9,0.902345350759,418,0.464444444444,30,0.0551028768478,0.0781571378926797,0
"280","SAR1_0.9",30,0.9,0.885496759257,434,0.482222222222,30,0.0589579218822,0.0753656261987605,0
"281","SAR0_0.9",30,0.9,0.884427876849,582,0.646666666667,30,0.0846258507415,0.0368885464444945,0
"282","SAR1_0.9",30,0.9,0.896292916654,594,0.66,30,0.0862338889737,0.0342221487947654,0
"283","SAR0_0.9",30,0.9,0.890326526354,720,0.8,30,0.117081843338,0.0169905161123828,0
"284","SAR1_0.9",30,0.9,0.867706890032,872,0.968888888889,30,0.159746601897,0.00665344431669978,0
"285","SAR0_0.9",30,0.9,0.872096200745,786,0.873333333333,30,0.135532935872,0.0114729413952904,0
"286","SAR1_0.9",30,0.9,0.912326951396,356,0.395555555556,30,0.0469606142792,0.0971614792393782,0
"287","SAR0_0.9",30,0.9,0.875032636082,478,0.531111111111,30,0.0664695808479,0.0628485407481583,0
"288","SAR1_0.9",30,0.9,0.89803820477,774,0.86,30,0.131559343093,0.0122794044834263,0
"289","SAR0_0.9",30,0.9,0.900109204662,504,0.56,30,0.0683571657356,0.0535479831591885,0
"290","SAR1_0.9",30,0.9,0.879363862468,838,0.931111111111,30,0.150032737033,0.00827454368241251,0
"291","SAR0_0.9",30,0.9,0.91965516566,554,0.615555555556,30,0.0759681846797,0.0409627865394708,0
"292","SAR1_0.9",30,0.9,0.894373199908,458,0.508888888889,30,0.0614945096254,0.0667786196227922,0
"293","SAR0_0.9",30,0.9,0.898489901587,630,0.7,30,0.0941582578222,0.02815628851346,0
"294","SAR1_0.9",30,0.9,0.910815329114,800,0.888888888889,30,0.138706157127,0.0104539396975858,0
"295","SAR0_0.9",30,0.9,0.908384892508,128,0.142222222222,30,0.0417891917388,0.218865436473161,0
"296","SAR1_0.9",30,0.9,0.903345305703,112,0.124444444444,30,0.0444889475124,0.242695046210595,0
"297","SAR0_0.9",30,0.9,0.905500997688,672,0.746666666667,30,0.10390020014,0.0222124099550109,0
"298","SAR1_0.9",30,0.9,0.887859259673,586,0.651111111111,30,0.0851891167533,0.0359938695710178,0
"299","SAR0_0.9",30,0.9,0.899859052715,180,0.2,30,0.0399357881652,0.180125579554369,0
"300","SAR1_0.9",30,0.9,0.887836702494,654,0.726666666667,30,0.100539389415,0.0248512291209947,0
"301","SAR0_0.9",30,0.9,0.908428079185,274,0.304444444444,30,0.0410089035246,0.129026465883367,0
"302","SAR1_0.9",30,0.9,0.89517774141,742,0.824444444444,30,0.122790687343,0.0148923085560395,0
"303","SAR0_0.9",30,0.9,0.902328466381,870,0.966666666667,30,0.159301837422,0.00674227675807729,0
"304","SAR1_0.9",30,0.9,0.910823886835,676,0.751111111111,30,0.104608917292,0.021650611239034,0
"305","SAR0_0.9",30,0.9,0.879195275017,400,0.444444444444,30,0.0552650389693,0.0880368192186527,0
"306","SAR1_0.9",30,0.9,0.883681032819,456,0.506666666667,30,0.0622639781966,0.0685964469238985,0
"307","SAR0_0.9",30,0.9,0.89730261708,668,0.742222222222,30,0.103379548166,0.0228317387426632,0
"308","SAR1_0.9",30,0.9,0.861362989204,594,0.66,30,0.0889532015408,0.0353711845864457,0
"309","SAR0_0.9",30,0.9,0.883156414104,392,0.435555555556,30,0.0539063226568,0.0902288613259362,0
"310","SAR1_0.9",30,0.9,0.882189779212,354,0.393333333333,30,0.0499796049656,0.104774600641289,0
"311","SAR0_0.9",30,0.9,0.888205671591,660,0.733333333333,30,0.101964214686,0.0240216973969441,0
"312","SAR1_0.9",30,0.9,0.910133367599,630,0.7,30,0.0933529465381,0.027898069577841,0
"313","SAR0_0.9",30,0.9,0.863049897475,146,0.162222222222,30,0.0463098778143,0.231665143276865,0
"314","SAR1_0.9",30,0.9,0.8843738746,364,0.404444444444,30,0.0507339828967,0.100413244683566,0
"315","SAR0_0.9",30,0.9,0.893444426535,552,0.613333333333,30,0.0778139790004,0.0426666265746248,0
"316","SAR1_0.9",30,0.9,0.904923041644,706,0.784444444444,30,0.112712803606,0.0183138322234259,0
"317","SAR0_0.9",30,0.9,0.912797057279,562,0.624444444444,30,0.0781693354441,0.0396735308067837,0
"318","SAR1_0.9",30,0.9,0.871620651983,480,0.533333333333,30,0.0671189704972,0.0625835434321316,0
"319","SAR0_0.9",30,0.9,0.867490357104,330,0.366666666667,30,0.0494486405991,0.118393520329095,0
"320","SAR1_0.9",30,0.9,0.912559759028,854,0.948888888889,30,0.154577060254,0.00746569015306223,0
"321","SAR0_0.9",30,0.9,0.890375058574,402,0.446666666667,30,0.0543302109731,0.0854096922141624,0
"322","SAR1_0.9",30,0.9,0.89141912251,374,0.415555555556,30,0.0510241815802,0.0951888424542024,0
"323","SAR0_0.9",30,0.9,0.889966863418,210,0.233333333333,30,0.0409802216884,0.167100121596774,0
"324","SAR1_0.9",30,0.9,0.92084932747,680,0.755555555556,30,0.10507385799,0.0210478439271807,0
"325","SAR0_0.9",30,0.9,0.896973916268,708,0.786666666667,30,0.113618375536,0.018170317313914,0
"326","SAR1_0.9",30,0.9,0.88574672845,500,0.555555555556,30,0.0690235270277,0.0557130426730299,0
"327","SAR0_0.9",30,0.9,0.910833184474,224,0.248888888889,30,0.0387701859907,0.149989988981197,0
"328","SAR1_0.9",30,0.9,0.893372114353,844,0.937777777778,30,0.15168949227,0.00795950198517379,0
"329","SAR0_0.9",30,0.9,0.905699295851,406,0.451111111111,30,0.0532346308445,0.0815250127625168,0
"330","SAR1_0.9",30,0.9,0.898122885428,164,0.182222222222,30,0.0406271487104,0.192543915268989,0
"331","SAR0_0.9",30,0.9,0.887699159242,786,0.873333333333,30,0.135181351713,0.0114378930726783,0
"332","SAR1_0.9",30,0.9,0.868620024322,824,0.915555555556,30,0.146157605575,0.00904984588428636,0
"333","SAR0_0.9",30,0.9,0.887813240422,60,0.0666666666667,30,0.0617399797399,0.379596680191609,1
"334","SAR1_0.9",30,0.9,0.899577341981,210,0.233333333333,30,0.0398413392964,0.162372131796561,0
"335","SAR0_0.9",30,0.9,0.898404444297,706,0.784444444444,30,0.113025441419,0.0183698415436781,0
"336","SAR1_0.9",30,0.9,0.896551578201,732,0.813333333333,30,0.120027201968,0.0157931842398347,0
"337","SAR0_0.9",30,0.9,0.916719510035,756,0.84,30,0.125933302334,0.0136121607519284,0
"338","SAR1_0.9",30,0.9,0.861401075215,586,0.651111111111,30,0.0872969843127,0.0369403555412112,0
"339","SAR0_0.9",30,0.9,0.867431336908,740,0.822222222222,30,0.123281129694,0.0152137147168007,0
"340","SAR1_0.9",30,0.9,0.886733454646,468,0.52,30,0.0637650172364,0.0646338400288969,0
"341","SAR0_0.9",30,0.9,0.890599205771,148,0.164444444444,30,0.0424494150542,0.210824827421739,0
"342","SAR1_0.9",30,0.9,0.884331990712,588,0.653333333333,30,0.0858903919844,0.0357384755300578,0
"343","SAR0_0.9",30,0.9,0.908661847795,702,0.78,30,0.111474567409,0.0187060900640139,0
"344","SAR1_0.9",30,0.9,0.890536345551,666,0.74,30,0.103287417281,0.0231881504897262,0
"345","SAR0_0.9",30,0.9,0.910934606194,282,0.313333333333,30,0.041195404983,0.124949129220408,0
"346","SAR1_0.9",30,0.9,0.901337852717,568,0.631111111111,30,0.0803521277425,0.0389768514667232,0
"347","SAR0_0.9",30,0.9,0.875062066067,274,0.304444444444,30,0.0447661931294,0.141109802552355,0
"348","SAR1_0.9",30,0.9,0.896763518268,526,0.584444444444,30,0.072588784538,0.0483760904012536,0
"349","SAR0_0.9",30,0.9,0.898003931926,128,0.142222222222,30,0.0431844979418,0.226306460128872,0
"350","SAR1_0.9",30,0.9,0.860242586305,206,0.228888888889,30,0.0446168904111,0.184842734074356,0
"351","SAR0_0.9",30,0.9,0.901829627656,118,0.131111111111,30,0.0438530587556,0.235708964194983,0
"352","SAR1_0.9",30,0.9,0.878210324405,264,0.293333333333,30,0.0439057278187,0.14463885902038,0
"353","SAR0_0.9",30,0.9,0.882707067027,644,0.715555555556,30,0.098495503828,0.0263751751281361,0
"354","SAR1_0.9",30,0.9,0.9131190005,856,0.951111111111,30,0.155171215957,0.00737156686159351,0
"355","SAR0_0.9",30,0.9,0.87358743484,756,0.84,30,0.12732383576,0.013783341528435,0
"356","SAR1_0.9",30,0.9,0.877530518571,480,0.533333333333,30,0.0665401358997,0.0620211020641111,0
"357","SAR0_0.9",30,0.9,0.896923805513,700,0.777777777778,30,0.11153153838,0.0190310552680351,0
"358","SAR1_0.9",30,0.9,0.876629416686,734,0.815555555556,30,0.121348556945,0.0157210545981698,0
"359","SAR0_0.9",30,0.9,0.894600496441,680,0.755555555556,30,0.106535618574,0.0213672616985504,0
"360","SAR1_0.9",30,0.9,0.919646617144,660,0.733333333333,30,0.100036794023,0.0235305540531671,0
"361","SAR0_0.9",30,0.9,0.903878362028,606,0.673333333333,30,0.0882929330308,0.0318896317462627,0
"362","SAR1_0.9",30,0.9,0.901356377214,804,0.893333333333,30,0.140027650825,0.0102146551087912,0
"363","SAR0_0.9",30,0.9,0.910320600606,424,0.471111111111,30,0.0550846429213,0.0751023155062717,0
"364","SAR1_0.9",30,0.9,0.895231061266,676,0.751111111111,30,0.105494940443,0.0218503126045685,0
"365","SAR0_0.9",30,0.9,0.902653746522,832,0.924444444444,30,0.148136856915,0.00858041212728099,0
"366","SAR1_0.9",30,0.9,0.886734251661,570,0.633333333333,30,0.0819705607186,0.0391896619386212,0
"367","SAR0_0.9",30,0.9,0.902414065291,166,0.184444444444,30,0.0400133244142,0.188455235667718,0
"368","SAR1_0.9",30,0.9,0.894537779822,678,0.753333333333,30,0.106035966152,0.0216123997759451,0
"369","SAR0_0.9",30,0.9,0.897930511958,472,0.524444444444,30,0.0632874849482,0.0623351971465567,0
"370","SAR1_0.9",30,0.9,0.887215313729,682,0.757777777778,30,0.107446850191,0.0212128858501706,0
"371","SAR0_0.9",30,0.9,0.897153759198,122,0.135555555556,30,0.0439887724337,0.234122913071843,0
"372","SAR1_0.9",30,0.9,0.891175822597,346,0.384444444444,30,0.0482475044408,0.105732758209186,0
"373","SAR0_0.9",30,0.9,0.896511903856,506,0.562222222222,30,0.0690398128615,0.0533121426802088,0
"374","SAR1_0.9",30,0.9,0.899024398986,734,0.815555555556,30,0.120470445816,0.0155937439570475,0
"375","SAR0_0.9",30,0.9,0.890592148329,888,0.986666666667,30,0.164513523177,0.00600050300581926,0
"376","SAR1_0.9",30,0.9,0.864849090671,864,0.96,30,0.157463753672,0.00700736320282683,0
"377","SAR0_0.9",30,0.9,0.869711328841,800,0.888888888889,30,0.139448378227,0.0105216241612175,0
"378","SAR1_0.9",30,0.9,0.903674982261,536,0.595555555556,30,0.0738365538656,0.0456498826043217,0
"379","SAR0_0.9",30,0.9,0.92999043531,778,0.864444444444,30,0.131880054009,0.0119001297284323,0
"380","SAR1_0.9",30,0.9,0.900140859309,292,0.324444444444,30,0.0429980750249,0.124504893851981,0
"381","SAR0_0.9",30,0.9,0.878427514171,214,0.237777777778,30,0.0424083267944,0.17055469095052,0
"382","SAR1_0.9",30,0.9,0.879753329594,584,0.648888888889,30,0.0854170037525,0.0366711088747565,0
"383","SAR0_0.9",30,0.9,0.88134683545,742,0.824444444444,30,0.123298007433,0.0149615841705059,0
"384","SAR1_0.9",30,0.9,0.90362868428,676,0.751111111111,30,0.105017855585,0.0217427576387144,0
"385","SAR0_0.9",30,0.9,0.874718357108,306,0.34,30,0.0467843627504,0.126713033285595,0
"386","SAR1_0.9",30,0.9,0.890175075419,846,0.94,30,0.152282193415,0.0078602267568659,0
"387","SAR0_0.9",30,0.9,0.918819059729,776,0.862222222222,30,0.131585042161,0.0120740555352935,0
"388","SAR1_0.9",30,0.9,0.882687806665,524,0.582222222222,30,0.0735029055674,0.0497607040712008,0
"389","SAR0_0.9",30,0.9,0.916583839048,876,0.973333333333,30,0.161148652351,0.00648911842594602,0
"390","SAR1_0.9",30,0.9,0.880831097247,472,0.524444444444,30,0.0649637335403,0.0640538185515318,0
"391","SAR0_0.9",30,0.9,0.910372711517,864,0.96,30,0.157547633615,0.0070061817015832,0
"392","SAR1_0.9",30,0.9,0.873817942315,430,0.477777777778,30,0.059619956584,0.0783162393853179,0
"393","SAR0_0.9",30,0.9,0.882351940242,328,0.364444444444,30,0.0476259619864,0.115146834909505,0
"394","SAR1_0.9",30,0.9,0.868056959869,406,0.451111111111,30,0.0571681373918,0.0877501091116326,0
"395","SAR0_0.9",30,0.9,0.914252144099,870,0.966666666667,30,0.159344864553,0.00674294817188448,0
"396","SAR1_0.9",30,0.9,0.857812596434,206,0.228888888889,30,0.0449244677556,0.186143456221896,0
"397","SAR0_0.9",30,0.9,0.899903162002,746,0.828888888889,30,0.123714458291,0.0145197148527396,0
"398","SAR1_0.9",30,0.9,0.915430788284,728,0.808888888889,30,0.118172552379,0.016051920399267,0
"399","SAR0_0.9",30,0.9,0.89998102863,744,0.826666666667,30,0.123162450623,0.0146928732403315,0
"400","SAR1_0.9",30,0.9,0.90849728893,304,0.337777777778,30,0.0429098095775,0.117153539171735,0
"401","SAR0_0.9",30,0.9,0.891565755031,86,0.0955555555556,30,0.05154447606,0.29917377397176,0
"402","SAR1_0.9",30,0.9,0.904680112966,388,0.431111111111,30,0.0511868385454,0.0876944740810639,0
"403","SAR0_0.9",30,0.9,0.900423687635,832,0.924444444444,30,0.148154512501,0.00858184273177274,0
"404","SAR1_0.9",30,0.9,0.891033488904,140,0.155555555556,30,0.0429906840491,0.218288940476318,0
"405","SAR0_0.9",30,0.9,0.899228302461,166,0.184444444444,30,0.0404106563823,0.190359299007825,0
"406","SAR1_0.9",30,0.9,0.905409748614,284,0.315555555556,30,0.041918214845,0.126005218229981,0
"407","SAR0_0.9",30,0.9,0.906203588247,742,0.824444444444,30,0.122385631103,0.0148370223549308,0
"408","SAR1_0.9",30,0.9,0.864387722179,146,0.162222222222,30,0.0461253050491,0.230723043060364,0
"409","SAR0_0.9",30,0.9,0.922923468293,820,0.911111111111,30,0.144401916354,0.00922914115653674,0
"410","SAR1_0.9",30,0.9,0.899743209008,122,0.135555555556,30,0.0436325286161,0.232191797692907,0
"411","SAR0_0.9",30,0.9,0.899366759916,880,0.977777777778,30,0.162234114257,0.00632166803601444,0
"412","SAR1_0.9",30,0.9,0.901885802907,230,0.255555555556,30,0.0399347790925,0.151068337501216,0
"413","SAR0_0.9",30,0.9,0.908306179894,608,0.675555555556,30,0.088411184136,0.0314277606385496,0
"414","SAR1_0.9",30,0.9,0.896656232615,138,0.153333333333,30,0.0424091392727,0.216439302161489,0
"415","SAR0_0.9",30,0.9,0.906295508815,336,0.373333333333,30,0.0457173526861,0.105747013777919,0
"416","SAR1_0.9",30,0.9,0.897208099516,270,0.3,30,0.0420373238683,0.134732947615752,0
"417","SAR0_0.9",30,0.9,0.89176035806,848,0.942222222222,30,0.152857128285,0.00776045386388507,0
"418","SAR1_0.9",30,0.9,0.900899516266,856,0.951111111111,30,0.15517790864,0.00737340467349253,0
"419","SAR0_0.9",30,0.9,0.895250485946,568,0.631111111111,30,0.0808573551166,0.0392359462294043,0
"420","SAR1_0.9",30,0.9,0.90056649449,844,0.937777777778,30,0.151659293751,0.00795682546229476,0
"421","SAR0_0.9",30,0.9,0.920339282939,670,0.744444444444,30,0.10252817734,0.0222579216446311,0
"422","SAR1_0.9",30,0.9,0.867457040661,152,0.168888888889,30,0.0452721836121,0.222609214705495,0
"423","SAR0_0.9",30,0.9,0.889771968762,224,0.248888888889,30,0.0412041938685,0.159585460461942,0
"424","SAR1_0.9",30,0.9,0.898453764667,208,0.231111111111,30,0.039955886607,0.164014454579142,0
"425","SAR0_0.9",30,0.9,0.885293233859,590,0.655555555556,30,0.0862373593772,0.0353276472165185,0
"426","SAR1_0.9",30,0.9,0.878353018633,512,0.568888888889,30,0.0717770707913,0.053104862288548,0
"427","SAR0_0.9",30,0.9,0.891353683437,512,0.568888888889,30,0.0705681079117,0.0521688684557704,0
"428","SAR1_0.9",30,0.9,0.894899632073,566,0.628888888889,30,0.0804800569258,0.0396570765839735,0
"429","SAR0_0.9",30,0.9,0.911116889517,690,0.766666666667,30,0.108202176923,0.0200047127140194,0
"430","SAR1_0.9",30,0.9,0.878279502987,266,0.295555555556,30,0.0439922483763,0.143662313557931,0
"431","SAR0_0.9",30,0.9,0.870608920774,698,0.775555555556,30,0.112336057138,0.0195038941686113,0
"432","SAR1_0.9",30,0.9,0.890990047674,144,0.16,30,0.0426821561758,0.214354626815909,0
"433","SAR0_0.9",30,0.9,0.865328869728,792,0.88,30,0.137327321101,0.0110676639260203,0
"434","SAR1_0.9",30,0.9,0.886128071806,524,0.582222222222,30,0.073189298443,0.0495380265713006,0
"435","SAR0_0.9",30,0.9,0.894283289958,234,0.26,30,0.0409180862455,0.15246157663952,0
"436","SAR1_0.9",30,0.9,0.915638483102,468,0.52,30,0.0609414357895,0.0616621323354949,0
"437","SAR0_0.9",30,0.9,0.901091837392,640,0.711111111111,30,0.0963348892815,0.0266055782614485,0
"438","SAR1_0.9",30,0.9,0.877891763545,634,0.704444444444,30,0.0964978879684,0.0279857052351579,0
"439","SAR0_0.9",30,0.9,0.88901902265,694,0.771111111111,30,0.110386353501,0.0197794622317381,0
"440","SAR1_0.9",30,0.9,0.889864593234,682,0.757777777778,30,0.10730102571,0.021181469130764,0
"441","SAR0_0.9",30,0.9,0.905770754501,558,0.62,30,0.0779511624433,0.0408057970769531,0
"442","SAR1_0.9",30,0.9,0.89308725274,854,0.948888888889,30,0.154599470301,0.0074692790044044,0
"443","SAR0_0.9",30,0.9,0.911696958177,512,0.568888888889,30,0.0686913061932,0.0507183562796967,0
"444","SAR1_0.9",30,0.9,0.911132156165,196,0.217777777778,30,0.0384261120498,0.164336036339152,0
"445","SAR0_0.9",30,0.9,0.888640777042,590,0.655555555556,30,0.0859740830362,0.035213070048288,0
"446","SAR1_0.9",30,0.9,0.890201833547,206,0.228888888889,30,0.0409250729463,0.169261527839668,0
"447","SAR0_0.9",30,0.9,0.89216799435,692,0.768888888889,30,0.109712238926,0.0199761881537245,0
"448","SAR1_0.9",30,0.9,0.876490514202,428,0.475555555556,30,0.0590767983797,0.0786203576936705,0
"449","SAR0_0.9",30,0.9,0.900141465397,782,0.868888888889,30,0.133764943307,0.0116914968981288,0
"450","SAR1_0.9",30,0.9,0.899310208845,514,0.571111111111,30,0.0701868289173,0.0511056727535922,0
"451","SAR0_0.9",30,0.9,0.870573390853,292,0.324444444444,30,0.046321566681,0.134354401512285,0
"452","SAR1_0.9",30,0.9,0.900474880813,588,0.653333333333,30,0.0846149598759,0.0351752465924001,0
"453","SAR0_0.9",30,0.9,0.893104683209,814,0.904444444444,30,0.143027050123,0.00961116323218866,0
"454","SAR1_0.9",30,0.9,0.887551903934,612,0.68,30,0.0908429305182,0.0313297208928228,0
"455","SAR0_0.9",30,0.9,0.899047039073,880,0.977777777778,30,0.162232035001,0.00632161229003524,0
"456","SAR1_0.9",30,0.9,0.88302844265,594,0.66,30,0.0872650308921,0.0346574377617519,0
"457","SAR0_0.9",30,0.9,0.891592963869,140,0.155555555556,30,0.0429159909487,0.217902697633418,0
"458","SAR1_0.9",30,0.9,0.887291476627,758,0.842222222222,30,0.12743021311,0.0135644591582464,0
"459","SAR0_0.9",30,0.9,0.911572383764,136,0.151111111111,30,0.0406194156237,0.208252346404243,0
"460","SAR1_0.9",30,0.9,0.910389853957,556,0.617777777778,30,0.0771577159168,0.0409989598668339,0
"461","SAR0_0.9",30,0.9,0.893555918124,714,0.793333333333,30,0.115354794233,0.0175738667275747,0
"462","SAR1_0.9",30,0.9,0.863142625517,870,0.966666666667,30,0.159160322924,0.00674006972597691,0
"463","SAR0_0.9",30,0.9,0.865111889298,872,0.968888888889,30,0.159735706665,0.00665323203977808,0
"464","SAR1_0.9",30,0.9,0.884193845608,264,0.293333333333,30,0.0432153849489,0.142316588107352,0
"465","SAR0_0.9",30,0.9,0.890867954742,180,0.2,30,0.0410431943813,0.185210613139176,0
"466","SAR1_0.9",30,0.9,0.860769169928,606,0.673333333333,30,0.0915292733356,0.0331378570375639,0
"467","SAR0_0.9",30,0.9,0.914749704792,698,0.775555555556,30,0.110114350455,0.0190805855148153,0
"468","SAR1_0.9",30,0.9,0.90669050825,696,0.773333333333,30,0.10999728984,0.0193781360307251,0
"469","SAR0_0.9",30,0.9,0.880633189771,860,0.955555555556,30,0.156340350454,0.00718952752896717,0
"470","SAR1_0.9",30,0.9,0.87261429208,666,0.74,30,0.104355443429,0.0234484443080066,0
"471","SAR0_0.9",30,0.9,0.895479109934,408,0.453333333333,30,0.0545362298409,0.0825154264981449,0
"472","SAR1_0.9",30,0.9,0.909691792853,676,0.751111111111,30,0.104673269197,0.0216651089169253,0
"473","SAR0_0.9",30,0.9,0.90941399348,108,0.12,30,0.0442614296087,0.243734475661446,0
"474","SAR1_0.9",30,0.9,0.925138656762,354,0.393333333333,30,0.0454338250534,0.0950077576613449,0
"475","SAR0_0.9",30,0.9,0.880103047963,818,0.908888888889,30,0.144335699206,0.00938767604217145,0
"476","SAR1_0.9",30,0.9,0.893414444488,372,0.413333333333,30,0.0505987837648,0.0955090166022677,0
"477","SAR0_0.9",30,0.9,0.86551653844,440,0.488888888889,30,0.0618338486581,0.0760299623986383,0
"478","SAR1_0.9",30,0.9,0.904197121287,714,0.793333333333,30,0.114870609235,0.017492241782016,0
"479","SAR0_0.9",30,0.9,0.889638692809,802,0.891111111111,30,0.139656286913,0.0103597916362952,0
"480","SAR1_0.9",30,0.9,0.899981205312,700,0.777777777778,30,0.111379402124,0.0190025171131813,0
"481","SAR0_0.9",30,0.9,0.915395543147,166,0.184444444444,30,0.0384192267389,0.180823525359156,0
"482","SAR1_0.9",30,0.9,0.897137335051,128,0.142222222222,30,0.0433021337224,0.226934262297176,0
"483","SAR0_0.9",30,0.9,0.87783989661,504,0.56,30,0.0704496876376,0.0552626478072011,0
"484","SAR1_0.9",30,0.9,0.898740526381,248,0.275555555556,30,0.0408716700443,0.143924124034747,0
"485","SAR0_0.9",30,0.9,0.91456837712,624,0.693333333333,30,0.0916332926353,0.0287082544365149,0
"486","SAR1_0.9",30,0.9,0.873004659435,730,0.811111111111,30,0.120440614825,0.0161228414304111,0
"487","SAR0_0.9",30,0.9,0.905310355192,546,0.606666666667,30,0.0756158392326,0.0433573053354572,0
"488","SAR1_0.9",30,0.9,0.914749679491,874,0.971111111111,30,0.160541335742,0.00657259590602683,0
"489","SAR0_0.9",30,0.9,0.889609887713,408,0.453333333333,30,0.0551453554792,0.083466827169002,0
"490","SAR1_0.9",30,0.9,0.903712079454,96,0.106666666667,30,0.0473122839013,0.268160686882174,0
"491","SAR0_0.9",30,0.9,0.917978347275,764,0.848888888889,30,0.128166902512,0.0129754464681368,0
"492","SAR1_0.9",30,0.9,0.921800782591,844,0.937777777778,30,0.151570123458,0.00794892112499112,0
"493","SAR0_0.9",30,0.9,0.897389081936,198,0.22,30,0.0400489202605,0.170236858653883,0
"494","SAR1_0.9",30,0.9,0.924742958648,754,0.837777777778,30,0.125103400888,0.0137413971381234,0
"495","SAR0_0.9",30,0.9,0.893539324054,272,0.302222222222,30,0.0425536329441,0.135204142358266,0
"496","SAR1_0.9",30,0.9,0.900574242868,402,0.446666666667,30,0.0532703292815,0.08369188189908,0
"497","SAR0_0.9",30,0.9,0.877716891559,370,0.411111111111,30,0.0520707875401,0.0995474822694818,0
"498","SAR1_0.9",30,0.9,0.895452876105,196,0.217777777778,30,0.0402862849412,0.172434025247517,0
"499","SAR0_0.9",30,0.9,0.902341674368,54,0.06,30,0.0625165547545,0.388956966353431,1
"500","SAR1_0.9",30,0.9,0.886625126928,138,0.153333333333,30,0.0437534124411,0.223428598031178,0
"501","SAR0_0.9",30,0.9,0.880769027857,457,0.507777777778,30,0.0627032415819,0.0686193581187592,0
"502","SAR1_0.9",30,0.9,0.887171800628,605,0.672222222222,30,0.0893261017823,0.0325469237649232,0
"503","SAR2_0.9",30,0.9,0.894601861395,615,0.683333333333,30,0.0909979817162,0.0306394271916897,0
"504","SAR3_0.9",30,0.9,0.918262872396,565,0.627777777778,30,0.0783294327042,0.0388405618466575,0
"505","SAR4_0.9",30,0.9,0.88892249229,883,0.981111111111,30,0.163040724968,0.00619814476155719,0
"506","SAR0_0.9",30,0.9,0.91363927793,729,0.81,30,0.118520603412,0.0159698363273034,0
"507","SAR1_0.9",30,0.9,0.870220338658,89,0.0988888888889,30,0.0540486437815,0.312020623445828,0
"508","SAR2_0.9",30,0.9,0.910439119696,415,0.461111111111,30,0.0538906632572,0.0778952110170582,0
"509","SAR3_0.9",30,0.9,0.900996917428,627,0.696666666667,30,0.0932863378316,0.0285621188790786,0
"510","SAR4_0.9",30,0.9,0.875694758122,465,0.516666666667,30,0.0644035806642,0.0667060111212553,0
"511","SAR0_0.9",30,0.9,0.889545445217,625,0.694444444444,30,0.0936295265103,0.0291421869109444,0
"512","SAR1_0.9",30,0.9,0.896236942135,723,0.803333333333,30,0.117623861252,0.0166537391631789,0
"513","SAR2_0.9",30,0.9,0.885163255095,643,0.714444444444,30,0.0980992762202,0.026475750425908,0
"514","SAR3_0.9",30,0.9,0.910944254082,215,0.238888888889,30,0.0385870995466,0.154351798277196,0
"515","SAR4_0.9",30,0.9,0.892531216211,261,0.29,30,0.0421237246246,0.140471333751277,0
"516","SAR0_0.9",30,0.9,0.876862042733,781,0.867777777778,30,0.134044137434,0.0118208566470446,0
"517","SAR1_0.9",30,0.9,0.890713422073,587,0.652222222222,30,0.0851737933837,0.0357034376673872,0
"518","SAR2_0.9",30,0.9,0.914302301537,185,0.205555555556,30,0.0381240204182,0.169081316579054,0
"519","SAR3_0.9",30,0.9,0.873769036543,205,0.227777777778,30,0.0429246718803,0.178320223981645,0
"520","SAR4_0.9",30,0.9,0.91394614495,727,0.807777777778,30,0.117959769719,0.0161549140885107,0
"521","SAR0_0.9",30,0.9,0.899714606363,879,0.976666666667,30,0.161941832058,0.00636266412847423,0
"522","SAR1_0.9",30,0.9,0.918059420667,543,0.603333333333,30,0.073922625307,0.043323554523738,0
"523","SAR2_0.9",30,0.9,0.904641038048,875,0.972222222222,30,0.160788901007,0.00652942186756115,0
"524","SAR3_0.9",30,0.9,0.884217296299,109,0.121111111111,30,0.0476988006207,0.262427316935996,0
"525","SAR4_0.9",30,0.9,0.889684278543,449,0.498888888889,30,0.0606407161364,0.0700576465150394,0
"526","SAR0_0.9",30,0.9,0.881759134219,213,0.236666666667,30,0.0419945441841,0.169472935891457,0
"527","SAR1_0.9",30,0.9,0.899102033134,193,0.214444444444,30,0.0398619206861,0.172318859696022,0
"528","SAR2_0.9",30,0.9,0.890171527077,671,0.745555555556,30,0.104540975365,0.0225464399438948,0
"529","SAR3_0.9",30,0.9,0.90007417145,367,0.407777777778,30,0.0493673951126,0.0959264040237459,0
"530","SAR4_0.9",30,0.9,0.911286670358,575,0.638888888889,30,0.0809880932552,0.0372054476579211,0
"531","SAR0_0.9",30,0.9,0.895133120381,725,0.805555555556,30,0.118205058826,0.0164666411510397,0
"532","SAR1_0.9",30,0.9,0.864235791362,557,0.618888888889,30,0.0812969335481,0.0429883577959128,0
"533","SAR2_0.9",30,0.9,0.901685420847,669,0.743333333333,30,0.10337021963,0.0226422871945054,0
"534","SAR3_0.9",30,0.9,0.882251477028,859,0.954444444444,30,0.156052973866,0.00723568276699569,0
"535","SAR4_0.9",30,0.9,0.900975179905,133,0.147777777778,30,0.0422822205609,0.218647883134095,0
"536","SAR0_0.9",30,0.9,0.850978926197,549,0.61,30,0.0809314283656,0.0455117381291896,0
"537","SAR1_0.9",30,0.9,0.876730804304,797,0.885555555556,30,0.138484527725,0.0107079221399145,0
"538","SAR2_0.9",30,0.9,0.891658907821,491,0.545555555556,30,0.0669549887112,0.0576475165433309,0
"539","SAR3_0.9",30,0.9,0.900164410578,777,0.863333333333,30,0.132349484577,0.0120521519598565,0
"540","SAR4_0.9",30,0.9,0.864309469345,835,0.927777777778,30,0.149281374327,0.00844210876668198,0
"541","SAR0_0.9",30,0.9,0.898992881751,319,0.354444444444,30,0.0450726511974,0.114122492168595,0
"542","SAR1_0.9",30,0.9,0.90749423341,877,0.974444444444,30,0.161396714566,0.00644636190627951,0
"543","SAR2_0.9",30,0.9,0.904095126096,521,0.578888888889,30,0.0710098887622,0.049089363426738,0
"544","SAR3_0.9",30,0.9,0.91872759075,35,0.0388888888889,30,0.0738764283318,0.478402819700112,1
"545","SAR4_0.9",30,0.9,0.879333003058,317,0.352222222222,30,0.0470797177031,0.120576532119774,0
"546","SAR0_0.9",30,0.9,0.912229373089,159,0.176666666667,30,0.0390802161027,0.187834683869978,0
"547","SAR1_0.9",30,0.9,0.910392795859,123,0.136666666667,30,0.0420673583442,0.223156409772049,0
"548","SAR2_0.9",30,0.9,0.85718425732,337,0.374444444444,30,0.0512040328066,0.11813904718124,0
"549","SAR3_0.9",30,0.9,0.922144880561,543,0.603333333333,30,0.0735678215437,0.043105042896629,0
"550","SAR4_0.9",30,0.9,0.888967045634,291,0.323333333333,30,0.0441727833858,0.128597777797197,0
"551","SAR0_0.9",30,0.9,0.891133322672,783,0.87,30,0.134260604994,0.0116420869549733,0
"552","SAR1_0.9",30,0.9,0.911407999669,561,0.623333333333,30,0.0780820948946,0.0399363559423037,0
"553","SAR2_0.9",30,0.9,0.87760652612,629,0.698888888889,30,0.0953763474483,0.0287793750328842,0
"554","SAR3_0.9",30,0.9,0.905797272451,529,0.587777777778,30,0.0723310726905,0.0471144085558941,0
"555","SAR4_0.9",30,0.9,0.913803096823,819,0.91,30,0.144214498701,0.00929538481271229,0
"556","SAR0_0.9",30,0.9,0.896728887445,523,0.581111111111,30,0.072043404304,0.0490936860038983,0
"557","SAR1_0.9",30,0.9,0.906145717431,843,0.936666666667,30,0.151341459764,0.0080050907361974,0
"558","SAR2_0.9",30,0.9,0.877313524873,853,0.947777777778,30,0.154331142699,0.00752022341398421,0
"559","SAR3_0.9",30,0.9,0.867940981827,247,0.274444444444,30,0.0444235473113,0.157346251678606,0
"560","SAR4_0.9",30,0.9,0.910450177688,201,0.223333333333,30,0.0385111113904,0.161908712119118,0
"561","SAR0_0.9",30,0.9,0.900628434386,231,0.256666666667,30,0.0401051495678,0.151137447710849,0
"562","SAR1_0.9",30,0.9,0.857525172313,295,0.327777777778,30,0.0480219162831,0.13740328354278,0
"563","SAR2_0.9",30,0.9,0.909592161353,193,0.214444444444,30,0.038614952497,0.166836160595879,0
"564","SAR3_0.9",30,0.9,0.915001203433,695,0.772222222222,30,0.109309735295,0.0194060161235096,0
"565","SAR4_0.9",30,0.9,0.903233744407,587,0.652222222222,30,0.0841826949935,0.035262640013418,0
"566","SAR0_0.9",30,0.9,0.913173153189,273,0.303333333333,30,0.040436094641,0.127765147702987,0
"567","SAR1_0.9",30,0.9,0.890477418654,207,0.23,30,0.0408974716243,0.168548392109367,0
"568","SAR2_0.9",30,0.9,0.919116529452,359,0.398888888889,30,0.0465548324011,0.094646849232022,0
"569","SAR3_0.9",30,0.9,0.900904117047,621,0.69,30,0.0919078535947,0.0295063721842617,0
"570","SAR4_0.9",30,0.9,0.919570532648,71,0.0788888888889,30,0.0519344265809,0.311078543124167,0
"571","SAR0_0.9",30,0.9,0.895359854331,695,0.772222222222,30,0.110317044311,0.0196022629237546,0
"572","SAR1_0.9",30,0.9,0.910561468711,785,0.872222222222,30,0.134377495462,0.0114557703767526,0
"573","SAR2_0.9",30,0.9,0.898271636367,543,0.603333333333,30,0.0756488947062,0.0443879716333186,0
"574","SAR3_0.9",30,0.9,0.895154126883,569,0.632222222222,30,0.081069344488,0.0390383129816556,0
"575","SAR4_0.9",30,0.9,0.904582988497,729,0.81,30,0.118890873935,0.0160255285922816,0
"576","SAR0_0.9",30,0.9,0.8854276317,275,0.305555555556,30,0.0436310407655,0.136831978227731,0
"577","SAR1_0.9",30,0.9,0.86371894584,357,0.396666666667,30,0.0522982178217,0.107900088051289,0
"578","SAR2_0.9",30,0.9,0.871138543057,241,0.267777777778,30,0.0438464406076,0.159103349647809,0
"579","SAR3_0.9",30,0.9,0.89854899127,211,0.234444444444,30,0.0399723331735,0.162331608763345,0
"580","SAR4_0.9",30,0.9,0.907787777551,495,0.55,30,0.0660946756654,0.0552378181738719,0
"581","SAR0_0.9",30,0.9,0.90630754922,759,0.843333333333,30,0.127109393596,0.0134111934410011,0
"582","SAR1_0.9",30,0.9,0.919327072719,279,0.31,30,0.0401121341736,0.123299318270193,0
"583","SAR2_0.9",30,0.9,0.8971119768,521,0.578888888889,30,0.071645292038,0.0495496693123484,0
"584","SAR3_0.9",30,0.9,0.892697269265,565,0.627777777778,30,0.0804618281336,0.0399580966653297,0
"585","SAR4_0.9",30,0.9,0.871366005855,671,0.745555555556,30,0.105635029069,0.0228030430668341,0
"586","SAR0_0.9",30,0.9,0.886256689379,573,0.636666666667,30,0.0826210231694,0.0386009838319698,0
"587","SAR1_0.9",30,0.9,0.881214924942,349,0.387777777778,30,0.0496099291399,0.106977089433672,0
"588","SAR2_0.9",30,0.9,0.880590670143,821,0.912222222222,30,0.145180726357,0.00921193690327713,0
"589","SAR3_0.9",30,0.9,0.9023525476,765,0.85,30,0.128911689577,0.0129512911653164,0
"590","SAR4_0.9",30,0.9,0.888262265678,147,0.163333333333,30,0.0428262702763,0.213322482338569,0
"591","SAR0_0.9",30,0.9,0.917972746828,181,0.201111111111,30,0.0377458057066,0.169544812125892,0
"592","SAR1_0.9",30,0.9,0.876212478083,445,0.494444444444,30,0.06143303484,0.0729860098025769,0
"593","SAR2_0.9",30,0.9,0.902021051279,735,0.816666666667,30,0.120625086975,0.0154852094823699,0
"594","SAR3_0.9",30,0.9,0.91309896426,715,0.794444444444,30,0.114734747365,0.017323752799148,0
"595","SAR4_0.9",30,0.9,0.876113576661,739,0.821111111111,30,0.12269229384,0.0152601601910849,0
"596","SAR0_0.9",30,0.9,0.880044925042,123,0.136666666667,30,0.046253623114,0.245800774670369,0
"597","SAR1_0.9",30,0.9,0.90145239811,99,0.11,30,0.0470235810578,0.264695492519789,0
"598","SAR2_0.9",30,0.9,0.904812588055,863,0.958888888889,30,0.157241991325,0.00705121342501823,0
"599","SAR3_0.9",30,0.9,0.910723141123,579,0.643333333333,30,0.0818785268858,0.0364728570331473,0
"600","SAR4_0.9",30,0.9,0.87820205024,795,0.883333333333,30,0.137898323794,0.0108389669236984,0
"601","SAR0_0.9",30,0.9,0.881443696321,801,0.89,30,0.139517805761,0.0104373074050279,0
"602","SAR1_0.9",30,0.9,0.896576255083,181,0.201111111111,30,0.040318150046,0.181302500630947,0
"603","SAR2_0.9",30,0.9,0.900117769546,651,0.723333333333,30,0.0990382713997,0.0250582660899871,0
"604","SAR3_0.9",30,0.9,0.888431113796,781,0.867777777778,30,0.133764744438,0.0117920502358765,0
"605","SAR4_0.9",30,0.9,0.917914424719,685,0.761111111111,30,0.106535593918,0.0205009007579773,0
"606","SAR0_0.9",30,0.9,0.895988543655,691,0.767777777778,30,0.109256532027,0.0200510918265598,0
"607","SAR1_0.9",30,0.9,0.884687960856,401,0.445555555556,30,0.0548055403685,0.0867299700347128,0
"608","SAR2_0.9",30,0.9,0.883460565732,291,0.323333333333,30,0.0447913867176,0.130439497487365,0
"609","SAR3_0.9",30,0.9,0.892199875982,539,0.598888888889,30,0.0754202825358,0.0456226780577279,0
"610","SAR4_0.9",30,0.9,0.904972369025,555,0.616666666667,30,0.0774187330861,0.0414650927141117,0
"611","SAR0_0.9",30,0.9,0.853867983797,157,0.174444444444,30,0.0468063393053,0.22704273548053,0
"612","SAR1_0.9",30,0.9,0.909010694145,613,0.681111111111,30,0.0894921283443,0.030585909574068,0
"613","SAR2_0.9",30,0.9,0.895586240582,497,0.552222222222,30,0.0675850415993,0.0557155741230233,0
"614","SAR3_0.9",30,0.9,0.88765471696,661,0.734444444444,30,0.102240543068,0.023895294809095,0
"615","SAR4_0.9",30,0.9,0.888702984493,763,0.847777777778,30,0.128760606934,0.0131557732249734,0
"616","SAR0_0.9",30,0.9,0.909044426068,163,0.181111111111,30,0.0393060796834,0.186730627065002,0
"617","SAR1_0.9",30,0.9,0.883287029252,841,0.934444444444,30,0.150869956518,0.00811657331734537,0
"618","SAR2_0.9",30,0.9,0.91594851742,557,0.618888888889,30,0.0768879749135,0.0405324657923516,0
"619","SAR3_0.9",30,0.9,0.89664788478,579,0.643333333333,30,0.0830145521566,0.0370091184359435,0
"620","SAR4_0.9",30,0.9,0.896178425253,833,0.925555555556,30,0.148478337033,0.00853073350942246,0
"621","SAR0_0.9",30,0.9,0.886368201809,619,0.687777777778,30,0.0924950981149,0.0301909820687661,0
"622","SAR1_0.9",30,0.9,0.895054150163,129,0.143333333333,30,0.0434789473737,0.227294466185577,0
"623","SAR2_0.9",30,0.9,0.886511605456,873,0.97,30,0.160115991143,0.00661216231032037,0
"624","SAR3_0.9",30,0.9,0.890414522779,747,0.83,30,0.124322698427,0.014477462456221,0
"625","SAR4_0.9",30,0.9,0.891892010479,173,0.192222222222,30,0.0410944007284,0.18955651843985,0
"626","SAR0_0.9",30,0.9,0.897197641481,847,0.941111111111,30,0.152548952471,0.00780823523200262,0
"627","SAR1_0.9",30,0.9,0.906801619122,449,0.498888888889,30,0.0589322617924,0.0680123712821892,0
"628","SAR2_0.9",30,0.9,0.914218642387,783,0.87,30,0.133716700995,0.0115867860303311,0
"629","SAR3_0.9",30,0.9,0.899425654074,661,0.734444444444,30,0.101522352896,0.0237135557836662,0
"630","SAR4_0.9",30,0.9,0.915288280345,217,0.241111111111,30,0.0381259039598,0.151359935364297,0
"631","SAR0_0.9",30,0.9,0.903342996432,637,0.707777777778,30,0.0954716572283,0.027000150601299,0
"632","SAR1_0.9",30,0.9,0.883470658184,417,0.463333333333,30,0.0569180965993,0.0813494536385103,0
"633","SAR2_0.9",30,0.9,0.905480946295,799,0.887777777778,30,0.138514146001,0.0105271814686328,0
"634","SAR3_0.9",30,0.9,0.908223269124,147,0.163333333333,30,0.0402330125112,0.200183051966173,0
"635","SAR4_0.9",30,0.9,0.900518220538,673,0.747777777778,30,0.104439825355,0.022154391372928,0
"636","SAR0_0.9",30,0.9,0.886367647214,469,0.521111111111,30,0.0639548312248,0.0643762939198789,0
"637","SAR1_0.9",30,0.9,0.89906989668,123,0.136666666667,30,0.0436043385544,0.231459472506429,0
"638","SAR2_0.9",30,0.9,0.89666114958,507,0.563333333333,30,0.0691997666571,0.0530466890501076,0
"639","SAR3_0.9",30,0.9,0.90170698097,595,0.661111111111,30,0.0860312284661,0.0338663246124988,0
"640","SAR4_0.9",30,0.9,0.88495848379,203,0.225555555556,30,0.0415489521066,0.173708446271814,0
"641","SAR0_0.9",30,0.9,0.867045121251,705,0.783333333333,30,0.11427398492,0.0187493584523461,0
"642","SAR1_0.9",30,0.9,0.886920138147,383,0.425555555556,30,0.0524856670231,0.0927965624482665,0
"643","SAR2_0.9",30,0.9,0.899011422226,687,0.763333333333,30,0.108071854045,0.0204817875952328,0
"644","SAR3_0.9",30,0.9,0.877705602633,487,0.541111111111,30,0.0676431134999,0.0599842805877668,0
"645","SAR4_0.9",30,0.9,0.870703157783,641,0.712222222222,30,0.0985903425724,0.0270555299671938,0
"646","SAR0_0.9",30,0.9,0.888931818867,739,0.821111111111,30,0.122210267715,0.0151928327409614,0
"647","SAR1_0.9",30,0.9,0.913214598092,605,0.672222222222,30,0.0873687919738,0.0317874139605249,0
"648","SAR2_0.9",30,0.9,0.91207862854,181,0.201111111111,30,0.0384437179542,0.172731917174384,0
"649","SAR3_0.9",30,0.9,0.916291256652,103,0.114444444444,30,0.0441411152529,0.245908733404384,0
"650","SAR4_0.9",30,0.9,0.898937781303,725,0.805555555556,30,0.118044956473,0.0164418091121828,0
"651","SAR0_0.9",30,0.9,0.897637765094,617,0.685555555556,30,0.0912297694044,0.030232477708386,0
"652","SAR1_0.9",30,0.9,0.892244320544,771,0.856666666667,30,0.1308758047,0.0125220931394534,0
"653","SAR2_0.9",30,0.9,0.872718372965,845,0.938888888889,30,0.152060392255,0.00791645175034057,0
"654","SAR3_0.9",30,0.9,0.908093580362,651,0.723333333333,30,0.0985298944058,0.0249194648413425,0
"655","SAR4_0.9",30,0.9,0.910663317337,751,0.834444444444,30,0.12472753925,0.0140472446303467,0
"656","SAR0_0.9",30,0.9,0.896773257342,435,0.483333333333,30,0.057948093545,0.0735324404739829,0
"657","SAR1_0.9",30,0.9,0.911821485938,707,0.785555555556,30,0.112648259356,0.018150138268242,0
"658","SAR2_0.9",30,0.9,0.896883806566,147,0.163333333333,30,0.0416946092174,0.207584531950568,0
"659","SAR3_0.9",30,0.9,0.87918568249,771,0.856666666667,30,0.131233355218,0.0125616118930766,0
"660","SAR4_0.9",30,0.9,0.9007681727,157,0.174444444444,30,0.0406093028426,0.196448521252354,0
"661","SAR0_0.9",30,0.9,0.876450247313,257,0.285555555556,30,0.0438003097704,0.148718745371182,0
"662","SAR1_0.9",30,0.9,0.881191508129,821,0.912222222222,30,0.145173901359,0.0092113751797406,0
"663","SAR2_0.9",30,0.9,0.889414920989,863,0.958888888889,30,0.157218193003,0.00705183795674521,0
"664","SAR3_0.9",30,0.9,0.908428363244,667,0.741111111111,30,0.102471080209,0.0228009961512718,0
"665","SAR4_0.9",30,0.9,0.884611573849,451,0.501111111111,30,0.0614401750329,0.0700424878076341,0
"666","SAR0_0.9",30,0.9,0.910783131772,679,0.754444444444,30,0.105378244404,0.0212896644871462,0
"667","SAR1_0.9",30,0.9,0.880484394525,537,0.596666666667,30,0.0760848652789,0.0467539144157417,0
"668","SAR2_0.9",30,0.9,0.850639335061,881,0.978888888889,30,0.162197287882,0.00627195055237312,0
"669","SAR3_0.9",30,0.9,0.893774659738,785,0.872222222222,30,0.134762136528,0.0114943562923506,0
"670","SAR4_0.9",30,0.9,0.923612361198,819,0.91,30,0.144096541122,0.00928560958186975,0
"671","SAR0_0.9",30,0.9,0.895107949562,151,0.167777777778,30,0.0416679969011,0.205143933291675,0
"672","SAR1_0.9",30,0.9,0.908437708454,845,0.938888888889,30,0.151921447656,0.00790388779334728,0
"673","SAR2_0.9",30,0.9,0.893228929124,369,0.41,30,0.0503019007918,0.0966428128739582,0
"674","SAR3_0.9",30,0.9,0.880226198148,463,0.514444444444,30,0.0636507356655,0.0668297995798411,0
"675","SAR4_0.9",30,0.9,0.894606463488,685,0.761111111111,30,0.107799704386,0.0207667643120778,0
"676","SAR0_0.9",30,0.9,0.896176389628,705,0.783333333333,30,0.112870822723,0.0184957927641502,0
"677","SAR1_0.9",30,0.9,0.912229737618,867,0.963333333333,30,0.158444126851,0.00687333969675153,0
"678","SAR2_0.9",30,0.9,0.915434789643,851,0.945555555556,30,0.153679934973,0.00760810220022597,0
"679","SAR3_0.9",30,0.9,0.884874011596,143,0.158888888889,30,0.0435739165812,0.219515762155768,0
"680","SAR4_0.9",30,0.9,0.865082255697,661,0.734444444444,30,0.103616908439,0.0242439921500007,0
"681","SAR0_0.9",30,0.9,0.888178029258,471,0.523333333333,30,0.0640858206412,0.0636040755643612,0
"682","SAR1_0.9",30,0.9,0.865236195271,481,0.534444444444,30,0.0679033918224,0.062892409250643,0
"683","SAR2_0.9",30,0.9,0.894928011139,765,0.85,30,0.129129663834,0.0129764277175248,0
"684","SAR3_0.9",30,0.9,0.907546368149,605,0.672222222222,30,0.0877942462028,0.0319523617894822,0
"685","SAR4_0.9",30,0.9,0.908308266683,243,0.27,30,0.0396086502298,0.142280771663206,0
"686","SAR0_0.9",30,0.9,0.901607975223,673,0.747777777778,30,0.104376977442,0.0221398943448991,0
"687","SAR1_0.9",30,0.9,0.897681945851,885,0.983333333333,30,0.163693351984,0.00612018242228118,0
"688","SAR2_0.9",30,0.9,0.916101306012,675,0.75,30,0.104052476872,0.0217038172570788,0
"689","SAR3_0.9",30,0.9,0.875956267321,559,0.621111111111,30,0.0806828383065,0.0419891329308355,0
"690","SAR4_0.9",30,0.9,0.896416917797,419,0.465555555556,30,0.0558394096452,0.0787185044378437,0
"691","SAR0_0.9",30,0.9,0.893341193029,643,0.714444444444,30,0.0975606498737,0.0263192189730982,0
"692","SAR1_0.9",30,0.9,0.905960983987,587,0.652222222222,30,0.0839671135357,0.0351668247644668,0
"693","SAR2_0.9",30,0.9,0.916510293973,873,0.97,30,0.16025051317,0.00661498618842671,0
"694","SAR3_0.9",30,0.9,0.903381700891,615,0.683333333333,30,0.0903584336203,0.0304094005785036,0
"695","SAR4_0.9",30,0.9,0.893303803754,629,0.698888888889,30,0.0942857674931,0.0284264807025756,0
"696","SAR0_0.9",30,0.9,0.897006626381,803,0.892222222222,30,0.139814222319,0.0102845159806935,0
"697","SAR1_0.9",30,0.9,0.924240161538,407,0.452222222222,30,0.0514771966308,0.0782485794604114,0
"698","SAR2_0.9",30,0.9,0.873386753913,187,0.207777777778,30,0.0431033871201,0.190343581322697,0
"699","SAR3_0.9",30,0.9,0.900873229454,253,0.281111111111,30,0.0408300910582,0.140804386665873,0
"700","SAR4_0.9",30,0.9,0.873804530808,791,0.878888888889,30,0.136876000731,0.0111196624559419,0
"701","SAR0_0.9",30,0.9,0.883452171969,839,0.932222222222,30,0.150294948403,0.00822019926006918,0
"702","SAR1_0.9",30,0.9,0.890593325154,847,0.941111111111,30,0.152570601458,0.00781029821741266,0
"703","SAR2_0.9",30,0.9,0.916831990577,591,0.656666666667,30,0.0839818048279,0.0340757276299654,0
"704","SAR3_0.9",30,0.9,0.897460198269,193,0.214444444444,30,0.0400593437546,0.173187510546199,0
"705","SAR4_0.9",30,0.9,0.907170516573,233,0.258888888889,30,0.0394148430074,0.147334290309973,0
"706","SAR0_0.9",30,0.9,0.902698247212,495,0.55,30,0.066574787592,0.0556564288049153,0
"707","SAR1_0.9",30,0.9,0.9056416211,119,0.132222222222,30,0.0431984152668,0.23155600172346,0
"708","SAR2_0.9",30,0.9,0.899998214781,145,0.161111111111,30,0.0414272466804,0.207371172938938,0
"709","SAR3_0.9",30,0.9,0.889272981461,847,0.941111111111,30,0.152574929131,0.00781071059391519,0
"710","SAR4_0.9",30,0.9,0.892061259022,831,0.923333333333,30,0.14793187879,0.00864144746297195,0
"711","SAR0_0.9",30,0.9,0.920701205265,719,0.798888888889,30,0.115481568138,0.0168737781962012,0
"712","SAR1_0.9",30,0.9,0.882821921043,681,0.756666666667,30,0.10743952015,0.0213874808646476,0
"713","SAR2_0.9",30,0.9,0.90890203665,471,0.523333333333,30,0.0620643193267,0.0615192600388153,0
"714","SAR3_0.9",30,0.9,0.910144678501,821,0.912222222222,30,0.144844664005,0.00918427800245938,0
"715","SAR4_0.9",30,0.9,0.86841818874,447,0.496666666667,30,0.0625110945349,0.0733029773052446,0
"716","SAR0_0.9",30,0.9,0.886964992626,261,0.29,30,0.042758515213,0.142632191853558,0
"717","SAR1_0.9",30,0.9,0.91657294967,291,0.323333333333,30,0.0411507291634,0.119617341849741,0
"718","SAR2_0.9",30,0.9,0.903631410823,345,0.383333333333,30,0.0468191844291,0.103099045150478,0
"719","SAR3_0.9",30,0.9,0.905572456648,213,0.236666666667,30,0.0391766206188,0.157897634918324,0
"720","SAR4_0.9",30,0.9,0.884375623887,689,0.765555555556,30,0.109359997344,0.0204077342453445,0
"721","SAR0_0.9",30,0.9,0.914140891854,855,0.95,30,0.154872917342,0.00741827129167212,0
"722","SAR1_0.9",30,0.9,0.890501038153,291,0.323333333333,30,0.0440013756564,0.128087667208683,0
"723","SAR2_0.9",30,0.9,0.869316920163,781,0.867777777778,30,0.134226145316,0.0118396256842646,0
"724","SAR3_0.9",30,0.9,0.878726105945,587,0.652222222222,30,0.0861247056529,0.0361268297667919,0
"725","SAR4_0.9",30,0.9,0.906685818331,719,0.798888888889,30,0.116098622259,0.0169738562449645,0
"726","SAR0_0.9",30,0.9,0.909452752004,783,0.87,30,0.133829106183,0.0115982127823334,0
"727","SAR1_0.9",30,0.9,0.904718235017,617,0.685555555556,30,0.0907174791581,0.0300510399446006,0
"728","SAR2_0.9",30,0.9,0.892801649749,855,0.95,30,0.154891034445,0.0074218392666802,0
"729","SAR3_0.9",30,0.9,0.888583956416,587,0.652222222222,30,0.0853425787785,0.0357785557166601,0
"730","SAR4_0.9",30,0.9,0.893785186339,765,0.85,30,0.129163197798,0.0129802952560291,0
"731","SAR0_0.9",30,0.9,0.909975187665,637,0.707777777778,30,0.0950247027924,0.0268643310362225,0
"732","SAR1_0.9",30,0.9,0.914947287286,751,0.834444444444,30,0.124582246251,0.0140287004483308,0
"733","SAR2_0.9",30,0.9,0.900776714595,385,0.427777777778,30,0.0512508212033,0.0894461534628378,0
"734","SAR3_0.9",30,0.9,0.899845976517,549,0.61,30,0.0766748116835,0.0429924340244018,0
"735","SAR4_0.9",30,0.9,0.914739670513,857,0.952222222222,30,0.155468307385,0.00732474276055444,0
"736","SAR0_0.9",30,0.9,0.912500860728,241,0.267777777778,30,0.039070231052,0.141452053091737,0
"737","SAR1_0.9",30,0.9,0.900945376873,889,0.987777777778,30,0.164899397029,0.00596432526747991,0
"738","SAR2_0.9",30,0.9,0.921152889849,75,0.0833333333333,30,0.0502963340764,0.298606145306883,0
"739","SAR3_0.9",30,0.9,0.915157466209,689,0.765555555556,30,0.107727376992,0.0200746053438484,0
"740","SAR4_0.9",30,0.9,0.880166306734,705,0.783333333333,30,0.113642509213,0.0186351974286441,0
"741","SAR0_0.9",30,0.9,0.893184328525,785,0.872222222222,30,0.134775649586,0.0114957120835764,0
"742","SAR1_0.9",30,0.9,0.894646323881,107,0.118888888889,30,0.0465279267017,0.257064233521422,0
"743","SAR2_0.9",30,0.9,0.879934567832,127,0.141111111111,30,0.0457870691176,0.240826804976866,0
"744","SAR3_0.9",30,0.9,0.884637383419,367,0.407777777778,30,0.051012942156,0.0992148359476825,0
"745","SAR4_0.9",30,0.9,0.893751597538,139,0.154444444444,30,0.042711214884,0.217426946325676,0
"746","SAR0_0.9",30,0.9,0.886639936936,199,0.221111111111,30,0.0413453942262,0.175249115678712,0
"747","SAR1_0.9",30,0.9,0.898632057899,183,0.203333333333,30,0.040030891027,0.178838429153036,0
"748","SAR2_0.9",30,0.9,0.871327719468,853,0.947777777778,30,0.154339838819,0.00752142989319822,0
"749","SAR3_0.9",30,0.9,0.895645828048,501,0.556666666667,30,0.0682594250214,0.0546649172204501,0
"750","SAR4_0.9",30,0.9,0.896761119046,221,0.245555555556,30,0.0403271395804,0.157897460142852,0
"751","SAR0_0.9",30,0.9,0.891399342257,805,0.894444444444,30,0.140479612585,0.0101663353980691,0
"752","SAR1_0.9",30,0.9,0.886237050117,809,0.898888888889,30,0.141698888589,0.00992380110036408,0
"753","SAR2_0.9",30,0.9,0.907335863291,329,0.365555555556,30,0.0449982425143,0.108061991240829,0
"754","SAR3_0.9",30,0.9,0.90635836462,863,0.958888888889,30,0.15724438019,0.00705115072498273,0
"755","SAR4_0.9",30,0.9,0.895433012444,719,0.798888888889,30,0.116593376562,0.0170541461952411,0
"756","SAR0_0.9",30,0.9,0.884091908319,303,0.336666666667,30,0.0455187432618,0.125064353858254,0
"757","SAR1_0.9",30,0.9,0.893326543907,733,0.814444444444,30,0.120424799624,0.0157188883139587,0
"758","SAR2_0.9",30,0.9,0.89624169447,505,0.561111111111,30,0.0688917076616,0.0535878585148684,0
"759","SAR3_0.9",30,0.9,0.887891284724,513,0.57,30,0.0710649694192,0.0521630278513038,0
"760","SAR4_0.9",30,0.9,0.910667916054,497,0.552222222222,30,0.0661644409953,0.0544940488743446,0
"761","SAR0_0.9",30,0.9,0.897849299618,91,0.101111111111,30,0.0493138486547,0.282862843553314,0
"762","SAR1_0.9",30,0.9,0.916760598731,569,0.632222222222,30,0.0792838276807,0.0381301193984001,0
"763","SAR2_0.9",30,0.9,0.904810844976,109,0.121111111111,30,0.0447481521098,0.245884298899254,0
"764","SAR3_0.9",30,0.9,0.892061683234,785,0.872222222222,30,0.134801345134,0.0114982902059199,0
"765","SAR4_0.9",30,0.9,0.90473363781,613,0.681111111111,30,0.0898054496899,0.030700255236313,0
"766","SAR0_0.9",30,0.9,0.908909025483,543,0.603333333333,30,0.0747193250026,0.0438145385423447,0
"767","SAR1_0.9",30,0.9,0.899445860986,689,0.765555555556,30,0.108561169625,0.0202446623379006,0
"768","SAR2_0.9",30,0.9,0.910915772156,717,0.796666666667,30,0.115372370528,0.0171409662315958,0
"769","SAR3_0.9",30,0.9,0.903577417333,555,0.616666666667,30,0.0775376965445,0.0415322550040031,0
"770","SAR4_0.9",30,0.9,0.892388543104,171,0.19,30,0.041094087201,0.190724212118636,0
"771","SAR0_0.9",30,0.9,0.894379069129,815,0.905555555556,30,0.143297063442,0.00955003608298639,0
"772","SAR1_0.9",30,0.9,0.882479698318,879,0.976666666667,30,0.161834634451,0.00635984449793221,0
"773","SAR2_0.9",30,0.9,0.884037048599,769,0.854444444444,30,0.130549160433,0.0127006853689765,0
"774","SAR3_0.9",30,0.9,0.892080214323,353,0.392222222222,30,0.048813614079,0.102851011483109,0
"775","SAR4_0.9",30,0.9,0.885854786606,765,0.85,30,0.129395768162,0.0130071212596185,0
"776","SAR0_0.9",30,0.9,0.893183169485,779,0.865555555556,30,0.133088202328,0.0119248094520568,0
"777","SAR1_0.9",30,0.9,0.86153158705,241,0.267777777778,30,0.0450037907859,0.163393372563212,0
"778","SAR2_0.9",30,0.9,0.889338215583,251,0.278888888889,30,0.0420618969052,0.146361609182214,0
"779","SAR3_0.9",30,0.9,0.911483957636,217,0.241111111111,30,0.0385579477801,0.153105155925018,0
"780","SAR4_0.9",30,0.9,0.905795991444,663,0.736666666667,30,0.10162991162,0.0233539346701113,0
"781","SAR0_0.9",30,0.9,0.885497313728,879,0.976666666667,30,0.161853410768,0.0063603382833617,0
"782","SAR1_0.9",30,0.9,0.883630069141,563,0.625555555556,30,0.0808223582053,0.0407778588814968,0
"783","SAR2_0.9",30,0.9,0.895827286855,811,0.901111111111,30,0.142127559796,0.00978890091500201,0
"784","SAR3_0.9",30,0.9,0.872709851163,815,0.905555555556,30,0.143584401027,0.00957423942330454,0
"785","SAR4_0.9",30,0.9,0.890684316719,371,0.412222222222,30,0.0507831956283,0.0964404888133225,0
"786","SAR0_0.9",30,0.9,0.89599916041,507,0.563333333333,30,0.0692614652726,0.0530961377649252,0
"787","SAR1_0.9",30,0.9,0.901294174988,659,0.732222222222,30,0.100916077193,0.0239502156405862,0
"788","SAR2_0.9",30,0.9,0.899552213622,729,0.81,30,0.119096392289,0.0160564497774413,0
"789","SAR3_0.9",30,0.9,0.885690995996,609,0.676666666667,30,0.0903162933198,0.031894106285946,0
"790","SAR4_0.9",30,0.9,0.869356085269,451,0.501111111111,30,0.0629842841223,0.0718707856736933,0
"791","SAR0_0.9",30,0.9,0.901314065839,889,0.987777777778,30,0.16490273253,0.00596442194631035,0
"792","SAR1_0.9",30,0.9,0.890485808632,869,0.965555555556,30,0.158967605552,0.00678514404978653,0
"793","SAR2_0.9",30,0.9,0.883190819093,727,0.807777777778,30,0.119234946984,0.0163497158601539,0
"794","SAR3_0.9",30,0.9,0.888201973701,557,0.618888888889,30,0.0792456810819,0.0418442324626475,0
"795","SAR4_0.9",30,0.9,0.892948060188,745,0.827777777778,30,0.123688458519,0.0146394605165333,0
"796","SAR0_0.9",30,0.9,0.875289145074,851,0.945555555556,30,0.153762611756,0.00761763049004362,0
"797","SAR1_0.9",30,0.9,0.887562712083,81,0.09,30,0.0536009964269,0.314720183787621,1
"798","SAR2_0.9",30,0.9,0.885265116718,383,0.425555555556,30,0.0526615934394,0.0931169085775151,0
"799","SAR3_0.9",30,0.9,0.885089254447,693,0.77,30,0.110334742996,0.0199342194160309,0
"800","SAR4_0.9",30,0.9,0.889002419458,413,0.458888888889,30,0.0558346993361,0.0818560601596497,0
"801","SAR0_0.9",30,0.9,0.879812540532,105,0.116666666667,30,0.0490496667688,0.272559711018103,0
"802","SAR1_0.9",30,0.9,0.89861574433,73,0.0811111111111,30,0.0545049353142,0.325510543995174,1
"803","SAR2_0.9",30,0.9,0.881499400095,809,0.898888888889,30,0.141770753202,0.00993003221468045,0
"804","SAR3_0.9",30,0.9,0.89664433474,377,0.418888888889,30,0.0507953173583,0.0930543537639752,0
"805","SAR4_0.9",30,0.9,0.886871203023,781,0.867777777778,30,0.133802438557,0.0117959362648002,0
"806","SAR0_0.9",30,0.9,0.899460496719,485,0.538888888889,30,0.065221068794,0.0585894088690724,0
"807","SAR1_0.9",30,0.9,0.898357119012,883,0.981111111111,30,0.163110172317,0.00620008381970068,0
"808","SAR2_0.9",30,0.9,0.884473300837,829,0.921111111111,30,0.147421735799,0.00875630165467284,0
"809","SAR3_0.9",30,0.9,0.866540774622,653,0.725555555556,30,0.101644977456,0.0253533007051819,0
"810","SAR4_0.9",30,0.9,0.893049286506,777,0.863333333333,30,0.132530783777,0.0120713608555576,0
"811","SAR0_0.9",30,0.9,0.908420368655,837,0.93,30,0.149562453317,0.00831204829325559,0
"812","SAR1_0.9",30,0.9,0.912447651324,161,0.178888888889,30,0.0389675042153,0.18619099207468,0
"813","SAR2_0.9",30,0.9,0.895369216988,665,0.738888888889,30,0.102752604399,0.0232483476573392,0
"814","SAR3_0.9",30,0.9,0.898526664142,613,0.681111111111,30,0.0902603987217,0.030866360336953,0
"815","SAR4_0.9",30,0.9,0.889070337699,267,0.296666666667,30,0.0428031889811,0.139082270567307,0
"816","SAR0_0.9",30,0.9,0.868548828684,515,0.572222222222,30,0.0732127439498,0.0530179754617397,0
"817","SAR1_0.9",30,0.9,0.887971934484,667,0.741111111111,30,0.10368527055,0.0230943258045139,0
"818","SAR2_0.9",30,0.9,0.912996324467,775,0.861111111111,30,0.131449353494,0.0121631443696215,0
"819","SAR3_0.9",30,0.9,0.900876060352,129,0.143333333333,30,0.0426911051919,0.223101224745264,0
"820","SAR4_0.9",30,0.9,0.880956738104,809,0.898888888889,30,0.141778982785,0.00993074578303376,0
"821","SAR0_0.9",30,0.9,0.930534246956,69,0.0766666666667,30,0.0509715240238,0.306421172687124,0
"822","SAR1_0.9",30,0.9,0.877080584876,763,0.847777777778,30,0.129108623304,0.0131965052564301,0
"823","SAR2_0.9",30,0.9,0.885250130266,267,0.296666666667,30,0.0432387689098,0.140527624701192,0
"824","SAR3_0.9",30,0.9,0.895699342017,537,0.596666666667,30,0.0747323972057,0.045880704730531,0
"825","SAR4_0.9",30,0.9,0.893904762702,133,0.147777777778,30,0.0432308720451,0.223643722652131,0
"826","SAR0_0.9",30,0.9,0.927662577787,671,0.745555555556,30,0.102356952869,0.0220351255431988,0
"827","SAR1_0.9",30,0.9,0.905962367393,183,0.203333333333,30,0.0391437367502,0.17480698028432,0
"828","SAR2_0.9",30,0.9,0.873468890934,885,0.983333333333,30,0.163501286068,0.00611472641170921,0
"829","SAR3_0.9",30,0.9,0.870742396776,807,0.896666666667,30,0.141376194217,0.010069579275322,0
"830","SAR4_0.9",30,0.9,0.892541049206,883,0.981111111111,30,0.163067365974,0.00619888855281001,0
"831","SAR0_0.9",30,0.9,0.902756171624,841,0.934444444444,30,0.15077026928,0.00810811294887194,0
"832","SAR1_0.9",30,0.9,0.924961006658,643,0.714444444444,30,0.0954787935791,0.0257151025337223,0
"833","SAR2_0.9",30,0.9,0.883259841071,465,0.516666666667,30,0.0636509965676,0.065895612799978,0
"834","SAR3_0.9",30,0.9,0.887547136088,247,0.274444444444,30,0.042117127884,0.149012124819061,0
"835","SAR4_0.9",30,0.9,0.872938189838,651,0.723333333333,30,0.100770456218,0.0255317974449734,0
"836","SAR0_0.9",30,0.9,0.906325586549,161,0.178888888889,30,0.0397253459445,0.189873525507908,0
"837","SAR1_0.9",30,0.9,0.910806052104,655,0.727777777778,30,0.0993403474357,0.0243310468633298,0
"838","SAR2_0.9",30,0.9,0.886045920576,183,0.203333333333,30,0.0415827619282,0.185898968355272,0
"839","SAR3_0.9",30,0.9,0.910275595036,565,0.627777777778,30,0.0789940151023,0.0391885602852409,0
"840","SAR4_0.9",30,0.9,0.90444113621,691,0.767777777778,30,0.108813181943,0.0199620059365933,0
"841","SAR0_0.9",30,0.9,0.895440564299,587,0.652222222222,30,0.0847993339049,0.0355368357426192,0
"842","SAR1_0.9",30,0.9,0.905966094131,503,0.558888888889,30,0.0676371657102,0.0533516689581077,0
"843","SAR2_0.9",30,0.9,0.898161111674,559,0.621111111111,30,0.0787961901892,0.0409534180035742,0
"844","SAR3_0.9",30,0.9,0.892438012675,751,0.834444444444,30,0.125344801884,0.0141260569170415,0
"845","SAR4_0.9",30,0.9,0.888061517046,687,0.763333333333,30,0.10865879275,0.0206034444668277,0
"846","SAR0_0.9",30,0.9,0.891337238972,395,0.438888888889,30,0.0533938099636,0.0876843621292857,0
"847","SAR1_0.9",30,0.9,0.874504912785,227,0.252222222222,30,0.0430842697638,0.165117825398633,0
"848","SAR2_0.9",30,0.9,0.902613058385,703,0.781111111111,30,0.112034472358,0.0186533913760548,0
"849","SAR3_0.9",30,0.9,0.873508282704,375,0.416666666667,30,0.0530531065542,0.0984936939253927,0
"850","SAR4_0.9",30,0.9,0.884023005883,197,0.218888888889,30,0.0416719771218,0.177870910582951,0
"851","SAR0_0.9",30,0.9,0.883889378363,739,0.821111111111,30,0.122399980507,0.0152193272014091,0
"852","SAR1_0.9",30,0.9,0.879383980718,199,0.221111111111,30,0.04223540972,0.179093690854927,0
"853","SAR2_0.9",30,0.9,0.898248640549,515,0.572222222222,30,0.0704626927283,0.050933929216884,0
"854","SAR3_0.9",30,0.9,0.898049723168,151,0.167777777778,30,0.0412877142811,0.203238505213746,0
"855","SAR4_0.9",30,0.9,0.90394976797,345,0.383333333333,30,0.0467853361884,0.103022617536927,0
"856","SAR0_0.9",30,0.9,0.867520649403,885,0.983333333333,30,0.163454051104,0.0061133851818666,0
"857","SAR1_0.9",30,0.9,0.88888275007,175,0.194444444444,30,0.0414143380693,0.189878295346892,0
"858","SAR2_0.9",30,0.9,0.892442613356,787,0.874444444444,30,0.135356255187,0.0113574244881496,0
"859","SAR3_0.9",30,0.9,0.889548363313,89,0.0988888888889,30,0.0510656965732,0.29441644149673,0
"860","SAR4_0.9",30,0.9,0.860572001461,587,0.652222222222,30,0.087568116585,0.0367703768977378,0
"861","SAR0_0.9",30,0.9,0.88744417846,217,0.241111111111,30,0.0413604683451,0.164443983112134,0
"862","SAR1_0.9",30,0.9,0.883197936078,455,0.505555555556,30,0.0621654372365,0.0689618634603926,0
"863","SAR2_0.9",30,0.9,0.899257037395,471,0.523333333333,30,0.0630015778597,0.062485287384559,0
"864","SAR3_0.9",30,0.9,0.926945720912,609,0.676666666667,30,0.0872559378022,0.030742701265969,0
"865","SAR4_0.9",30,0.9,0.884400259629,877,0.974444444444,30,0.161266391189,0.00644309813306045,0
"866","SAR0_0.9",30,0.9,0.902433009428,805,0.894444444444,30,0.140297933174,0.0101502406711088,0
"867","SAR1_0.9",30,0.9,0.875901621937,295,0.327777777778,30,0.0459037278598,0.131200775241774,0
"868","SAR2_0.9",30,0.9,0.883315384192,611,0.678888888889,30,0.0909338288591,0.0316158881227371,0
"869","SAR3_0.9",30,0.9,0.874547799279,527,0.585555555556,30,0.0747859596861,0.0495379896919804,0
"870","SAR4_0.9",30,0.9,0.870029646517,533,0.592222222222,30,0.0762843720564,0.0483325159517094,0
"871","SAR0_0.9",30,0.9,0.909689735869,539,0.598888888889,30,0.0738787376233,0.0446431350523997,0
"872","SAR1_0.9",30,0.9,0.904826723701,759,0.843333333333,30,0.127155768198,0.0134167771459201,0
"873","SAR2_0.9",30,0.9,0.905508109152,201,0.223333333333,30,0.0390885556314,0.16437873988071,0
"874","SAR3_0.9",30,0.9,0.883563763848,653,0.725555555556,30,0.100569550128,0.0250635519399533,0
"875","SAR4_0.9",30,0.9,0.898087198752,733,0.814444444444,30,0.120236451108,0.0156913837470565,0
"876","SAR0_0.9",30,0.9,0.879175382912,621,0.69,30,0.0934602901991,0.0300401710562038,0
"877","SAR1_0.9",30,0.9,0.917264513842,693,0.77,30,0.10866606856,0.0196040343984757,0
"878","SAR2_0.9",30,0.9,0.920164126625,173,0.192222222222,30,0.037644490762,0.173383741786481,0
"879","SAR3_0.9",30,0.9,0.915512193475,109,0.121111111111,30,0.0432528105361,0.237518812774257,0
"880","SAR4_0.9",30,0.9,0.901023467205,567,0.63,30,0.0801735564043,0.039190328240451,0
"881","SAR0_0.9",30,0.9,0.906304445915,675,0.75,30,0.104612174172,0.02183087320519,0
"882","SAR1_0.9",30,0.9,0.903870716013,525,0.583333333333,30,0.0717629803892,0.0481615214043125,0
"883","SAR2_0.9",30,0.9,0.920093943287,633,0.703333333333,30,0.093381164952,0.0272363840802452,0
"884","SAR3_0.9",30,0.9,0.921375602552,649,0.721111111111,30,0.0971886067072,0.0249585383746023,0
"885","SAR4_0.9",30,0.9,0.899376824041,589,0.654444444444,30,0.0849159089243,0.0350294781846794,0
"886","SAR0_0.9",30,0.9,0.90414725367,699,0.776666666667,30,0.110910240621,0.0190727014220737,0
"887","SAR1_0.9",30,0.9,0.909876991862,865,0.961111111111,30,0.157843671161,0.00696163983421598,0
"888","SAR2_0.9",30,0.9,0.903949053145,829,0.921111111111,30,0.147249330461,0.0087423417088753,0
"889","SAR3_0.9",30,0.9,0.859718969339,371,0.412222222222,30,0.0541406560237,0.103009673468377,0
"890","SAR4_0.9",30,0.9,0.901981788946,719,0.798888888889,30,0.11630551954,0.0170074269432279,0
"891","SAR0_0.9",30,0.9,0.865731203946,677,0.752222222222,30,0.107411276832,0.022099769159698,0
"892","SAR1_0.9",30,0.9,0.912718435259,171,0.19,30,0.0385883690347,0.178900251824179,0
"893","SAR2_0.9",30,0.9,0.903378303704,889,0.987777777778,30,0.164921405608,0.00596496320166005,0
"894","SAR3_0.9",30,0.9,0.914708127028,713,0.792222222222,30,0.114122062198,0.0175120621567787,0
"895","SAR4_0.9",30,0.9,0.897695660353,599,0.665555555556,30,0.087213271416,0.0332843777078517,0
"896","SAR0_0.9",30,0.9,0.882206525305,207,0.23,30,0.0418960950229,0.17274250800453,0
"897","SAR1_0.9",30,0.9,0.902318006853,613,0.681111111111,30,0.0899824726292,0.0307648773142328,0
"898","SAR2_0.9",30,0.9,0.874527231087,241,0.267777777778,30,0.04344241606,0.15760691161895,0
"899","SAR3_0.9",30,0.9,0.902280518092,289,0.321111111111,30,0.0425709772902,0.125022577321988,0
"900","SAR4_0.9",30,0.9,0.898486186242,857,0.952222222222,30,0.155472321196,0.00732691864469696,0
"901","SAR0_0.9",30,0.9,0.884051694572,587,0.652222222222,30,0.0857020153082,0.03593857119245,0
"902","SAR1_0.9",30,0.9,0.885060129877,513,0.57,30,0.0713276314363,0.0523648950325143,0
"903","SAR2_0.9",30,0.9,0.900449002681,47,0.0522222222222,30,0.0671908105698,0.424451542735049,1
"904","SAR3_0.9",30,0.9,0.928086482425,707,0.785555555556,30,0.111871791129,0.0180122208300812,0
"905","SAR4_0.9",30,0.9,0.885951235173,753,0.836666666667,30,0.126108138229,0.0139848277433831,0
"906","SAR0_0.9",30,0.9,0.889554438354,433,0.481111111111,30,0.0584070011509,0.075140394905765,0
"907","SAR1_0.9",30,0.9,0.908538975222,633,0.703333333333,30,0.094171257761,0.0274837868113633,0
"908","SAR2_0.9",30,0.9,0.881686444788,823,0.914444444444,30,0.145737014988,0.00909580702061965,0
"909","SAR3_0.9",30,0.9,0.900357946224,613,0.681111111111,30,0.0901261425794,0.0308173335082074,0
"910","SAR4_0.9",30,0.9,0.876291849575,405,0.45,30,0.0561737455233,0.0867272802661493,0
"911","SAR0_0.9",30,0.9,0.920428924335,251,0.278888888889,30,0.0385811628254,0.134027037768339,0
"912","SAR1_0.9",30,0.9,0.885379724316,149,0.165555555556,30,0.0430706902855,0.213372129888514,0
"913","SAR2_0.9",30,0.9,0.917130192327,353,0.392222222222,30,0.0461638777971,0.0971268126624871,0
"914","SAR3_0.9",30,0.9,0.882243671926,875,0.972222222222,30,0.160675434,0.00652677462609745,0
"915","SAR4_0.9",30,0.9,0.859867119147,173,0.192222222222,30,0.0452225312901,0.208980934460144,0
"916","SAR0_0.9",30,0.9,0.905135620157,793,0.881111111111,30,0.136793804277,0.0109220314465473,0
"917","SAR1_0.9",30,0.9,0.905918064732,629,0.698888888889,30,0.0934099450732,0.028143393775321,0
"918","SAR2_0.9",30,0.9,0.914638825194,697,0.774444444444,30,0.109855714121,0.0191904433040665,0
"919","SAR3_0.9",30,0.9,0.900097795933,665,0.738888888889,30,0.102469300876,0.0231788448511795,0
"920","SAR4_0.9",30,0.9,0.898871922728,823,0.914444444444,30,0.145552515704,0.00908071245447846,0
"921","SAR0_0.9",30,0.9,0.892578580588,233,0.258888888889,30,0.0410881880617,0.153709312163846,0
"922","SAR1_0.9",30,0.9,0.893286534205,777,0.863333333333,30,0.132524740991,0.0120707205678772,0
"923","SAR2_0.9",30,0.9,0.883377831062,341,0.378888888889,30,0.0486381804553,0.109623349888573,0
"924","SAR3_0.9",30,0.9,0.903861586161,579,0.643333333333,30,0.0824318902709,0.0367339855056177,0
"925","SAR4_0.9",30,0.9,0.884128532507,489,0.543333333333,30,0.0673482213676,0.0588509523242289,0
"926","SAR0_0.9",30,0.9,0.911814874939,575,0.638888888889,30,0.0809451183689,0.0371845589309237,0
"927","SAR1_0.9",30,0.9,0.879094590393,661,0.734444444444,30,0.102762653226,0.0240275069490275,0
"928","SAR2_0.9",30,0.9,0.897227832171,551,0.612222222222,30,0.0772921998535,0.0426935565163851,0
"929","SAR3_0.9",30,0.9,0.860361873783,453,0.503333333333,30,0.0641877860587,0.0722904839761285,0
"930","SAR4_0.9",30,0.9,0.919553283512,289,0.321111111111,30,0.0407028134722,0.119424025541253,0
"931","SAR0_0.9",30,0.9,0.89630453072,681,0.756666666667,30,0.106693430344,0.0212255135939022,0
"932","SAR1_0.9",30,0.9,0.895832611338,713,0.792222222222,30,0.114987292914,0.017658992467006,0
"933","SAR2_0.9",30,0.9,0.88900557327,803,0.892222222222,30,0.139951042201,0.0102967751488456,0
"934","SAR3_0.9",30,0.9,0.882343233246,311,0.345555555556,30,0.0462900575737,0.122214552943416,0
"935","SAR4_0.9",30,0.9,0.86269257764,441,0.49,30,0.0622631750825,0.0760586760949461,0
"936","SAR0_0.9",30,0.9,0.919681407016,583,0.647777777778,30,0.0820169188691,0.0354035076160913,0
"937","SAR1_0.9",30,0.9,0.920376464821,447,0.496666666667,30,0.057300800272,0.0669788822847878,0
"938","SAR2_0.9",30,0.9,0.891668996848,227,0.252222222222,30,0.0410452601241,0.157153743160238,0
"939","SAR3_0.9",30,0.9,0.911384338271,641,0.712222222222,30,0.0958898387374,0.0262587175933921,0
"940","SAR4_0.9",30,0.9,0.889504957822,129,0.143333333333,30,0.0442372303432,0.231333434602548,0
"941","SAR0_0.9",30,0.9,0.8957449196,859,0.954444444444,30,0.156057735171,0.00723431126011142,0
"942","SAR1_0.9",30,0.9,0.895336823493,309,0.343333333333,30,0.0447048017864,0.119135847638068,0
"943","SAR2_0.9",30,0.9,0.89098023174,713,0.792222222222,30,0.11520944404,0.0176967392361872,0
"944","SAR3_0.9",30,0.9,0.891869945121,213,0.236666666667,30,0.0407832482813,0.164493270156664,0
"945","SAR4_0.9",30,0.9,0.916130344165,753,0.836666666667,30,0.125105424475,0.0138586685354718,0
"946","SAR0_0.9",30,0.9,0.88083090594,701,0.778888888889,30,0.11258671634,0.0190697125132129,0
"947","SAR1_0.9",30,0.9,0.902142404539,151,0.167777777778,30,0.0407620675141,0.200605885134898,0
"948","SAR2_0.9",30,0.9,0.893040819664,799,0.887777777778,30,0.138742980492,0.01054817280202,0
"949","SAR3_0.9",30,0.9,0.916447479518,779,0.865555555556,30,0.132509870856,0.0118643849982466,0
"950","SAR4_0.9",30,0.9,0.922402660127,391,0.434444444444,30,0.0497159266338,0.0835332662238452,0
"951","SAR0_0.9",30,0.9,0.91137567442,789,0.876666666667,30,0.13551130829,0.0111789738114308,0
"952","SAR1_0.9",30,0.9,0.890579493101,577,0.641111111111,30,0.0830902858855,0.0376324653828715,0
"953","SAR2_0.9",30,0.9,0.882060687448,311,0.345555555556,30,0.0463215909398,0.122299809808241,0
"954","SAR3_0.9",30,0.9,0.888630073427,317,0.352222222222,30,0.0460484635582,0.1178717528,0
"955","SAR4_0.9",30,0.9,0.889359187807,161,0.178888888889,30,0.0418721583792,0.200320170357868,0
"956","SAR0_0.9",30,0.9,0.908691366297,861,0.956666666667,30,0.156655036345,0.00714149979350631,0
"957","SAR1_0.9",30,0.9,0.890406080664,779,0.865555555556,30,0.13315713275,0.0119320132472188,0
"958","SAR2_0.9",30,0.9,0.898987976916,213,0.236666666667,30,0.0399435834736,0.161044910353253,0
"959","SAR3_0.9",30,0.9,0.892083660438,239,0.265555555556,30,0.0413210123315,0.150968022096787,0
"960","SAR4_0.9",30,0.9,0.91315390663,753,0.836666666667,30,0.125204484422,0.013871126612246,0
"961","SAR0_0.9",30,0.9,0.920019021665,701,0.778888888889,30,0.110648217734,0.0187088914198932,0
"962","SAR1_0.9",30,0.9,0.883598672295,887,0.985555555556,30,0.164161959893,0.00603792106645443,0
"963","SAR2_0.9",30,0.9,0.913526961466,627,0.696666666667,30,0.0924105497025,0.0282748597542967,0
"964","SAR3_0.9",30,0.9,0.897107409728,585,0.65,30,0.0842420616759,0.0358517149327807,0
"965","SAR4_0.9",30,0.9,0.905355001431,657,0.73,30,0.100173168519,0.0241524733630457,0
"966","SAR0_0.9",30,0.9,0.909453906001,777,0.863333333333,30,0.132112550094,0.012027052789722,0
"967","SAR1_0.9",30,0.9,0.909116247666,567,0.63,30,0.0795015141343,0.0388433275557019,0
"968","SAR2_0.9",30,0.9,0.912075494577,529,0.587777777778,30,0.0717694923056,0.0467308405570489,0
"969","SAR3_0.9",30,0.9,0.879915301319,849,0.943333333333,30,0.153179160744,0.00771450706650625,0
"970","SAR4_0.9",30,0.9,0.892302056387,855,0.95,30,0.154891458571,0.00742192278039392,0
"971","SAR0_0.9",30,0.9,0.912683542212,185,0.205555555556,30,0.0383151541981,0.169943162878928,0
"972","SAR1_0.9",30,0.9,0.905991345659,161,0.178888888889,30,0.0397669806765,0.190075917131484,0
"973","SAR2_0.9",30,0.9,0.89287682859,853,0.947777777778,30,0.154308529744,0.00751708567485725,0
"974","SAR3_0.9",30,0.9,0.895527851297,161,0.178888888889,30,0.0410837973077,0.196481364709606,0
"975","SAR4_0.9",30,0.9,0.904493945792,125,0.138888888889,30,0.0426346076586,0.22508350400411,0
"976","SAR0_0.9",30,0.9,0.926906639811,103,0.114444444444,30,0.0426596821955,0.237509965306637,0
"977","SAR1_0.9",30,0.9,0.887019581339,849,0.943333333333,30,0.15316021272,0.00771255953019072,0
"978","SAR2_0.9",30,0.9,0.906186161671,449,0.498888888889,30,0.058993286225,0.0680853597771197,0
"979","SAR3_0.9",30,0.9,0.871786418451,805,0.894444444444,30,0.140802086474,0.0101949064736959,0
"980","SAR4_0.9",30,0.9,0.862833001446,373,0.414444444444,30,0.0540060681242,0.101526688151747,0
"981","SAR0_0.9",30,0.9,0.885572582756,677,0.752222222222,30,0.106291436293,0.0218488686881805,0
"982","SAR1_0.9",30,0.9,0.921040915654,649,0.721111111111,30,0.097210113124,0.0249644935197136,0
"983","SAR2_0.9",30,0.9,0.906350352782,885,0.983333333333,30,0.163762030638,0.00612213428493884,0
"984","SAR3_0.9",30,0.9,0.903501246471,549,0.61,30,0.0763589377832,0.0428059660556021,0
"985","SAR4_0.9",30,0.9,0.877487476202,147,0.163333333333,30,0.0442646163177,0.220624647844699,0
"986","SAR0_0.9",30,0.9,0.878020323932,427,0.474444444444,30,0.0587857599225,0.0787420945272447,0
"987","SAR1_0.9",30,0.9,0.899796465185,663,0.736666666667,30,0.10199274706,0.023444295079002,0
"988","SAR2_0.9",30,0.9,0.898395573954,683,0.758888888889,30,0.107085258646,0.0209607948119201,0
"989","SAR3_0.9",30,0.9,0.908752968884,217,0.241111111111,30,0.0388700469326,0.15436632974822,0
"990","SAR4_0.9",30,0.9,0.854190831952,581,0.645555555556,30,0.0868616428074,0.0382236312096305,0
"991","SAR0_0.9",30,0.9,0.881241636361,161,0.178888888889,30,0.0429229293904,0.205441363791136,0
"992","SAR1_0.9",30,0.9,0.901993170337,195,0.216666666667,30,0.0395066768482,0.169611322144895,0
"993","SAR2_0.9",30,0.9,0.890421811669,453,0.503333333333,30,0.0611485430018,0.0687391668791786,0
"994","SAR3_0.9",30,0.9,0.879977109637,329,0.365555555556,30,0.0479718926911,0.115385234313756,0
"995","SAR4_0.9",30,0.9,0.927651814127,831,0.923333333333,30,0.147638841937,0.00861772081317835,0
"996","SAR0_0.9",30,0.9,0.89989960758,443,0.492222222222,30,0.058755040135,0.0706504046583337,0
"997","SAR1_0.9",30,0.9,0.899647886647,339,0.376666666667,30,0.046695410944,0.106302010592721,0
"998","SAR2_0.9",30,0.9,0.913065896546,531,0.59,30,0.0720572405905,0.0462209391532809,0
"999","SAR3_0.9",30,0.9,0.897643456578,697,0.774444444444,30,0.110717257374,0.0193557343716735,0
"1000","SAR4_0.9",30,0.9,0.90475935367,729,0.81,30,0.118883666842,0.0160244443713156,0
