"";"Var";"N";"RhoReference";"RhoEstimated";"k";"Theta";"r";"SMAUP"
"1";"SAR0_-0.7";25;-0.7;-0.732002518975;511;0.8176;30;0.0229135026507721
"2";"SAR1_-0.7";25;-0.7;-0.734173758558;550;0.88;30;0.0138809023280521
"3";"SAR0_-0.7";25;-0.7;-0.71457851407;568;0.9088;30;0.010909377140062
"4";"SAR1_-0.7";25;-0.7;-0.721821908687;437;0.6992;30;0.0557457719182308
"5";"SAR0_-0.7";25;-0.7;-0.665734999726;505;0.808;30;0.0244555754644832
"6";"SAR1_-0.7";25;-0.7;-0.709579890351;505;0.808;30;0.024619402060455
"7";"SAR0_-0.7";25;-0.7;-0.711632969985;493;0.7888;30;0.0285735408905951
"8";"SAR1_-0.7";25;-0.7;-0.749143225811;490;0.784;30;0.0298158904143824
"9";"SAR0_-0.7";25;-0.7;-0.707499294861;485;0.776;30;0.0314941486150181
"10";"SAR1_-0.7";25;-0.7;-0.709474909081;611;0.9776;30;0.00604367548624539
"11";"SAR0_-0.7";25;-0.7;-0.734493143199;614;0.9824;30;0.00578779080983376
"12";"SAR1_-0.7";25;-0.7;-0.655990525333;601;0.9616;30;0.0069505358354546
"13";"SAR0_-0.7";25;-0.7;-0.710155092203;527;0.8432;30;0.0186495220575641
"14";"SAR1_-0.7";25;-0.7;-0.69236134513;595;0.952;30;0.00755120048302611
"15";"SAR0_-0.7";25;-0.7;-0.699291583547;541;0.8656;30;0.0155504608093
"16";"SAR1_-0.7";25;-0.7;-0.742576655422;546;0.8736;30;0.0146430507747674
"17";"SAR0_-0.7";25;-0.7;-0.737301322974;452;0.7232;30;0.0469433654775944
"18";"SAR1_-0.7";25;-0.7;-0.658456137819;542;0.8672;30;0.0152741477889908
"19";"SAR0_-0.7";25;-0.7;-0.692188493706;540;0.864;30;0.0157397218715184
"20";"SAR1_-0.7";25;-0.7;-0.69951156992;523;0.8368;30;0.0195967839274813
"21";"SAR0_-0.7";25;-0.7;-0.685908611517;453;0.7248;30;0.0460291867415638
"22";"SAR1_-0.7";25;-0.7;-0.72361925813;584;0.9344;30;0.00879004298752507
"23";"SAR0_-0.7";25;-0.7;-0.732923950067;575;0.92;30;0.00994062664178646
"24";"SAR1_-0.7";25;-0.7;-0.726408605373;564;0.9024;30;0.0115205426389006
"25";"SAR0_-0.7";25;-0.7;-0.687463079282;497;0.7952;30;0.027097211613106
"26";"SAR1_-0.7";25;-0.7;-0.687961429071;510;0.816;30;0.0230530041048115
"27";"SAR0_-0.7";25;-0.7;-0.671896512729;586;0.9376;30;0.00853467116675385
"28";"SAR1_-0.7";25;-0.7;-0.723033194537;487;0.7792;30;0.0308088812641183
"29";"SAR0_-0.7";25;-0.7;-0.732486965277;602;0.9632;30;0.00685444533689498
"30";"SAR1_-0.7";25;-0.7;-0.712674509322;509;0.8144;30;0.0234295338427765
"31";"SAR0_-0.7";25;-0.7;-0.687215781534;606;0.9696;30;0.00648472924781265
"32";"SAR1_-0.7";25;-0.7;-0.680900440646;506;0.8096;30;0.024209073517147
"33";"SAR0_-0.7";25;-0.7;-0.681154848686;516;0.8256;30;0.0213570078930507
"34";"SAR1_-0.7";25;-0.7;-0.706114383871;474;0.7584;30;0.0359746749178523
"35";"SAR0_-0.7";25;-0.7;-0.70198650806;427;0.6832;30;0.0623147148721301
"36";"SAR1_-0.7";25;-0.7;-0.654427780608;572;0.9152;30;0.010293998883823
"37";"SAR0_-0.7";25;-0.7;-0.718614091901;612;0.9792;30;0.00595741468451398
"38";"SAR1_-0.7";25;-0.7;-0.704451852762;524;0.8384;30;0.0193622149083787
"39";"SAR0_-0.7";25;-0.7;-0.705231208667;454;0.7264;30;0.0456302183553563
"40";"SAR1_-0.7";25;-0.7;-0.702586047357;589;0.9424;30;0.00820185157517928
"41";"SAR0_-0.7";25;-0.7;-0.709847170861;535;0.856;30;0.0168278776129022
"42";"SAR1_-0.7";25;-0.7;-0.728296984204;498;0.7968;30;0.0269321686541368
"43";"SAR0_-0.7";25;-0.7;-0.671093495412;564;0.9024;30;0.0114652205739882
"44";"SAR1_-0.7";25;-0.7;-0.712669899374;593;0.9488;30;0.00776534700527998
"45";"SAR0_-0.7";25;-0.7;-0.713456846629;532;0.8512;30;0.0174990237932971
"46";"SAR1_-0.7";25;-0.7;-0.657463661234;491;0.7856;30;0.0290347781067653
"47";"SAR0_-0.7";25;-0.7;-0.719042461315;579;0.9264;30;0.00940761976661771
"48";"SAR1_-0.7";25;-0.7;-0.729133596691;555;0.888;30;0.0129880706255304
"49";"SAR0_-0.7";25;-0.7;-0.69407189448;507;0.8112;30;0.0239565762819875
"50";"SAR1_-0.7";25;-0.7;-0.713198328403;608;0.9728;30;0.00630320303616543
"51";"SAR0_-0.7";25;-0.7;-0.708721190834;530;0.848;30;0.0179431814544833
"52";"SAR1_-0.7";25;-0.7;-0.692838017709;594;0.9504;30;0.0076558719850687
"53";"SAR0_-0.7";25;-0.7;-0.682112648446;534;0.8544;30;0.0169851784550472
"54";"SAR1_-0.7";25;-0.7;-0.698290595213;581;0.9296;30;0.00914526274963288
"55";"SAR0_-0.7";25;-0.7;-0.692625270319;569;0.9104;30;0.0107457312606947
"56";"SAR1_-0.7";25;-0.7;-0.708545301528;561;0.8976;30;0.0119712264875062
"57";"SAR0_-0.7";25;-0.7;-0.71275410028;527;0.8432;30;0.0186560748910823
"58";"SAR1_-0.7";25;-0.7;-0.703314723073;585;0.936;30;0.0086630333759259
"59";"SAR0_-0.7";25;-0.7;-0.7294668991;536;0.8576;30;0.0166531456736527
"60";"SAR1_-0.7";25;-0.7;-0.662825034102;497;0.7952;30;0.0269924417674
"61";"SAR0_-0.7";25;-0.7;-0.729363179634;594;0.9504;30;0.00766154924614946
"62";"SAR1_-0.7";25;-0.7;-0.740746588981;576;0.9216;30;0.00981162155104663
"63";"SAR0_-0.7";25;-0.7;-0.700958068785;602;0.9632;30;0.00685490934362368
"64";"SAR1_-0.7";25;-0.7;-0.659441779743;512;0.8192;30;0.0223861306151649
"65";"SAR0_-0.7";25;-0.7;-0.696758401841;604;0.9664;30;0.00666703661113902
"66";"SAR1_-0.7";25;-0.7;-0.698808648615;462;0.7392;30;0.041474358888308
"67";"SAR0_-0.7";25;-0.7;-0.688361814867;464;0.7424;30;0.0404331204236832
"68";"SAR1_-0.7";25;-0.7;-0.655987394861;617;0.9872;30;0.00556782672921967
"69";"SAR0_-0.7";25;-0.7;-0.685080302228;517;0.8272;30;0.0211013423689032
"70";"SAR1_-0.7";25;-0.7;-0.745684932052;536;0.8576;30;0.0166869131009576
"71";"SAR0_-0.7";25;-0.7;-0.708426247038;617;0.9872;30;0.00555328962002905
"72";"SAR1_-0.7";25;-0.7;-0.736569472639;593;0.9488;30;0.00776960537660515
"73";"SAR0_-0.7";25;-0.7;-0.675827303397;503;0.8048;30;0.0251106940703081
"74";"SAR1_-0.7";25;-0.7;-0.680649920893;562;0.8992;30;0.011783323130025
"75";"SAR0_-0.7";25;-0.7;-0.742263857119;540;0.864;30;0.015835859427697
"76";"SAR1_-0.7";25;-0.7;-0.706104267138;573;0.9168;30;0.0101943151330906
"77";"SAR0_-0.7";25;-0.7;-0.675150208868;553;0.8848;30;0.0132604253934491
"78";"SAR1_-0.7";25;-0.7;-0.749857702013;589;0.9424;30;0.00821474782165303
"79";"SAR0_-0.7";25;-0.7;-0.731737656329;596;0.9536;30;0.00745228399372337
"80";"SAR1_-0.7";25;-0.7;-0.739508646566;514;0.8224;30;0.0220878614870239
"81";"SAR0_-0.7";25;-0.7;-0.697524762383;605;0.968;30;0.00657480208083692
"82";"SAR1_-0.7";25;-0.7;-0.711418493026;549;0.8784;30;0.0140294590299649
"83";"SAR0_-0.7";25;-0.7;-0.691880851329;568;0.9088;30;0.0108896947679773
"84";"SAR1_-0.7";25;-0.7;-0.667336303432;546;0.8736;30;0.0145171706856215
"85";"SAR0_-0.7";25;-0.7;-0.656477604727;487;0.7792;30;0.0304858332517178
"86";"SAR1_-0.7";25;-0.7;-0.693179165424;550;0.88;30;0.0138190462290034
"87";"SAR0_-0.7";25;-0.7;-0.710877829919;563;0.9008;30;0.011659405646449
"88";"SAR1_-0.7";25;-0.7;-0.670795488147;597;0.9552;30;0.00734401663614356
"89";"SAR0_-0.7";25;-0.7;-0.711383449012;554;0.8864;30;0.0131368735672354
"90";"SAR1_-0.7";25;-0.7;-0.715147998442;557;0.8912;30;0.0126312577020192
"91";"SAR0_-0.7";25;-0.7;-0.724698121892;584;0.9344;30;0.00879047357310572
"92";"SAR1_-0.7";25;-0.7;-0.691626255827;616;0.9856;30;0.00563682346189791
"93";"SAR0_-0.7";25;-0.7;-0.687922307617;500;0.8;30;0.0261118818815034
"94";"SAR1_-0.7";25;-0.7;-0.732817664636;585;0.936;30;0.00867404596170872
"95";"SAR0_-0.7";25;-0.7;-0.744692031106;530;0.848;30;0.0180282137268093
"96";"SAR1_-0.7";25;-0.7;-0.70504045641;596;0.9536;30;0.00744932485120112
"97";"SAR0_-0.7";25;-0.7;-0.705740164229;562;0.8992;30;0.0118101626092545
"98";"SAR1_-0.7";25;-0.7;-0.716977279161;588;0.9408;30;0.00831920180414434
"99";"SAR0_-0.7";25;-0.7;-0.677693833904;558;0.8928;30;0.0124197232098343
"100";"SAR1_-0.7";25;-0.7;-0.693020545774;551;0.8816;30;0.0136388891694562
"101";"SAR0_-0.7";25;-0.7;-0.666714453917;543;0.8688;30;0.0150927096802464
"102";"SAR1_-0.7";25;-0.7;-0.719105143932;512;0.8192;30;0.0225849550643414
"103";"SAR0_-0.7";25;-0.7;-0.652689327231;583;0.9328;30;0.00888072581799492
"104";"SAR1_-0.7";25;-0.7;-0.74413376922;593;0.9488;30;0.00777095258749882
"105";"SAR0_-0.7";25;-0.7;-0.650530802632;478;0.7648;30;0.0339737847448196
"106";"SAR1_-0.7";25;-0.7;-0.698875203284;613;0.9808;30;0.00587812632278531
"107";"SAR0_-0.7";25;-0.7;-0.715654154205;586;0.9376;30;0.00854990299292799
"108";"SAR1_-0.7";25;-0.7;-0.714255130286;592;0.9472;30;0.0078734115675767
"109";"SAR0_-0.7";25;-0.7;-0.719638641429;517;0.8272;30;0.0212064154573651
"110";"SAR1_-0.7";25;-0.7;-0.696146293476;597;0.9552;30;0.00734627572964936
"111";"SAR0_-0.7";25;-0.7;-0.724172701829;531;0.8496;30;0.0177503004425958
"112";"SAR1_-0.7";25;-0.7;-0.728519384032;575;0.92;30;0.00993776880175967
"113";"SAR0_-0.7";25;-0.7;-0.696130989531;581;0.9296;30;0.00914422579802439
"114";"SAR1_-0.7";25;-0.7;-0.712682833079;524;0.8384;30;0.0193842094412156
"115";"SAR0_-0.7";25;-0.7;-0.693704392211;467;0.7472;30;0.0390464485917487
"116";"SAR1_-0.7";25;-0.7;-0.742884642603;580;0.928;30;0.00929270660801426
"117";"SAR0_-0.7";25;-0.7;-0.737295946643;460;0.736;30;0.0427228398298974
"118";"SAR1_-0.7";25;-0.7;-0.704994552509;570;0.912;30;0.0106128273129771
"119";"SAR0_-0.7";25;-0.7;-0.67197371163;562;0.8992;30;0.0117740160343335
"120";"SAR1_-0.7";25;-0.7;-0.689199701824;605;0.968;30;0.00657540975298941
"121";"SAR0_-0.7";25;-0.7;-0.694162256323;480;0.768;30;0.0333969697155223
"122";"SAR1_-0.7";25;-0.7;-0.746686106269;519;0.8304;30;0.0207544243055567
"123";"SAR0_-0.7";25;-0.7;-0.735649598146;595;0.952;30;0.00755695626784532
"124";"SAR1_-0.7";25;-0.7;-0.70907953904;515;0.824;30;0.0217160071076859
"125";"SAR0_-0.7";25;-0.7;-0.702736568377;532;0.8512;30;0.0174745190385821
"126";"SAR1_-0.7";25;-0.7;-0.669595948808;477;0.7632;30;0.0344945153070998
"127";"SAR0_-0.7";25;-0.7;-0.675403144764;530;0.848;30;0.0178634167843165
"128";"SAR1_-0.7";25;-0.7;-0.690100323665;594;0.9504;30;0.00765544625575854
"129";"SAR0_-0.7";25;-0.7;-0.698516338099;595;0.952;30;0.00755201918372043
"130";"SAR1_-0.7";25;-0.7;-0.666049995636;571;0.9136;30;0.0104412060542266
"131";"SAR0_-0.7";25;-0.7;-0.662218162239;606;0.9696;30;0.00648702252394628
"132";"SAR1_-0.7";25;-0.7;-0.711824088724;574;0.9184;30;0.0100618130160241
"133";"SAR0_-0.7";25;-0.7;-0.701434698069;532;0.8512;30;0.0174715368955433
"134";"SAR1_-0.7";25;-0.7;-0.687270403777;473;0.7568;30;0.0363010866918881
"135";"SAR0_-0.7";25;-0.7;-0.688143238362;571;0.9136;30;0.0104583166958318
"136";"SAR1_-0.7";25;-0.7;-0.697940850642;544;0.8704;30;0.0149533886328145
"137";"SAR0_-0.7";25;-0.7;-0.686646218362;512;0.8192;30;0.0224775137389378
"138";"SAR1_-0.7";25;-0.7;-0.680361756899;572;0.9152;30;0.0103132985218695
"139";"SAR0_-0.7";25;-0.7;-0.650705527361;455;0.728;30;0.0447026855796111
"140";"SAR1_-0.7";25;-0.7;-0.749321835756;570;0.912;30;0.0106483313398201
"141";"SAR0_-0.7";25;-0.7;-0.729433114547;544;0.8704;30;0.015008558460144
"142";"SAR1_-0.7";25;-0.7;-0.696443889595;543;0.8688;30;0.0151465146019332
"143";"SAR0_-0.7";25;-0.7;-0.673527256386;598;0.9568;30;0.00724396962557183
"144";"SAR1_-0.7";25;-0.7;-0.70937112496;547;0.8752;30;0.0143983876194199
"145";"SAR0_-0.7";25;-0.7;-0.744857011036;530;0.848;30;0.0180286011358175
"146";"SAR1_-0.7";25;-0.7;-0.69187760527;557;0.8912;30;0.0126022605410596
"147";"SAR0_-0.7";25;-0.7;-0.712501633749;577;0.9232;30;0.00966250176387801
"148";"SAR1_-0.7";25;-0.7;-0.692750662918;511;0.8176;30;0.0227820380420444
"149";"SAR0_-0.7";25;-0.7;-0.713350410387;529;0.8464;30;0.0181859186120751
"150";"SAR1_-0.7";25;-0.7;-0.727767256173;514;0.8224;30;0.0220508355306186
"151";"SAR0_-0.7";25;-0.7;-0.704482640481;516;0.8256;30;0.0214294985758764
"152";"SAR1_-0.7";25;-0.7;-0.669133400729;611;0.9776;30;0.00605096827891707
"153";"SAR0_-0.7";25;-0.7;-0.651104097054;561;0.8976;30;0.011907626934379
"154";"SAR1_-0.7";25;-0.7;-0.698178408499;492;0.7872;30;0.0288666811759134
"155";"SAR0_-0.7";25;-0.7;-0.730605130671;492;0.7872;30;0.0290111965313572
"156";"SAR1_-0.7";25;-0.7;-0.665416274826;589;0.9424;30;0.00819169326004599
"157";"SAR0_-0.7";25;-0.7;-0.707838386705;552;0.8832;30;0.0134823888978649
"158";"SAR1_-0.7";25;-0.7;-0.652190963771;498;0.7968;30;0.02661619113073
"159";"SAR0_-0.7";25;-0.7;-0.683088230705;492;0.7872;30;0.0287983735605774
"160";"SAR1_-0.7";25;-0.7;-0.737561850914;496;0.7936;30;0.0276449948325577
"161";"SAR0_-0.7";25;-0.7;-0.71230756105;544;0.8704;30;0.0149786157942329
"162";"SAR1_-0.7";25;-0.7;-0.661760120721;509;0.8144;30;0.0232510576789943
"163";"SAR0_-0.7";25;-0.7;-0.683624409098;576;0.9216;30;0.00977616488141842
"164";"SAR1_-0.7";25;-0.7;-0.666495130059;592;0.9472;30;0.00786378651163926
"165";"SAR0_-0.7";25;-0.7;-0.712805881136;514;0.8224;30;0.0220033488906832
"166";"SAR1_-0.7";25;-0.7;-0.690144620809;599;0.9584;30;0.00714571782669084
"167";"SAR0_-0.7";25;-0.7;-0.674243437789;575;0.92;30;0.00990244762552058
"168";"SAR1_-0.7";25;-0.7;-0.682799597142;490;0.784;30;0.0295122640246961
"169";"SAR0_-0.7";25;-0.7;-0.73746607531;505;0.808;30;0.0247215595663908
"170";"SAR1_-0.7";25;-0.7;-0.724333761686;517;0.8272;30;0.0212205624841755
"171";"SAR0_-0.7";25;-0.7;-0.696349306002;462;0.7392;30;0.0414582103291236
"172";"SAR1_-0.7";25;-0.7;-0.688726297661;524;0.8384;30;0.0193199883340305
"173";"SAR0_-0.7";25;-0.7;-0.657491925756;485;0.776;30;0.0312435134029534
"174";"SAR1_-0.7";25;-0.7;-0.692188996145;498;0.7968;30;0.0267840644561937
"175";"SAR0_-0.7";25;-0.7;-0.727188960427;537;0.8592;30;0.0164343217086344
"176";"SAR1_-0.7";25;-0.7;-0.74930399898;465;0.744;30;0.0403342324318281
"177";"SAR0_-0.7";25;-0.7;-0.700377872926;574;0.9184;30;0.0100540270955031
"178";"SAR1_-0.7";25;-0.7;-0.702999554472;617;0.9872;30;0.0055547954040735
"179";"SAR0_-0.7";25;-0.7;-0.714331095985;509;0.8144;30;0.0234352622035144
"180";"SAR1_-0.7";25;-0.7;-0.692668919487;484;0.7744;30;0.0318057725553186
"181";"SAR0_-0.7";25;-0.7;-0.73275764199;611;0.9776;30;0.00603946299585312
"182";"SAR1_-0.7";25;-0.7;-0.69098001285;569;0.9104;30;0.0107443553220935
"183";"SAR0_-0.7";25;-0.7;-0.714514139479;562;0.8992;30;0.0118195218741911
"184";"SAR1_-0.7";25;-0.7;-0.651521461509;542;0.8672;30;0.0152612022125961
"185";"SAR0_-0.7";25;-0.7;-0.687458384039;518;0.8288;30;0.0208436510604984
"186";"SAR1_-0.7";25;-0.7;-0.721918922875;577;0.9232;30;0.00966807187587296
"187";"SAR0_-0.7";25;-0.7;-0.662664060238;582;0.9312;30;0.00900580463178406
"188";"SAR1_-0.7";25;-0.7;-0.693014048806;544;0.8704;30;0.0149447147403912
"189";"SAR0_-0.7";25;-0.7;-0.690285606524;490;0.784;30;0.0295472074538734
"190";"SAR1_-0.7";25;-0.7;-0.68960675721;550;0.88;30;0.0138136275849694
"191";"SAR0_-0.7";25;-0.7;-0.693504728137;458;0.7328;30;0.0434492867171706
"192";"SAR1_-0.7";25;-0.7;-0.696890963008;516;0.8256;30;0.0214059936791166
"193";"SAR0_-0.7";25;-0.7;-0.722928962741;566;0.9056;30;0.0112131701414474
"194";"SAR1_-0.7";25;-0.7;-0.728751402157;550;0.88;30;0.0138727549342146
"195";"SAR0_-0.7";25;-0.7;-0.7338029095;495;0.792;30;0.027972532242331
"196";"SAR1_-0.7";25;-0.7;-0.650155928147;589;0.9424;30;0.00818751811181996
"197";"SAR0_-0.7";25;-0.7;-0.701740705566;586;0.9376;30;0.00854506366051751
"198";"SAR1_-0.7";25;-0.7;-0.741663661827;539;0.8624;30;0.0160419569381712
"199";"SAR0_-0.7";25;-0.7;-0.711028129164;596;0.9536;30;0.00744998864614232
"200";"SAR1_-0.7";25;-0.7;-0.745355800172;508;0.8128;30;0.0238386479490055
"201";"SAR0_-0.7";25;-0.7;-0.68360167356;553;0.8848;30;0.0132722845327064
"202";"SAR1_-0.7";25;-0.7;-0.73731076914;561;0.8976;30;0.0120028409549207
"203";"SAR0_-0.7";25;-0.7;-0.663601988404;532;0.8512;30;0.0173842804538141
"204";"SAR1_-0.7";25;-0.7;-0.657546400259;538;0.8608;30;0.0160818998732085
"205";"SAR0_-0.7";25;-0.7;-0.659962682271;568;0.9088;30;0.0108619147690858
"206";"SAR1_-0.7";25;-0.7;-0.703591990277;492;0.7872;30;0.0288910226357585
"207";"SAR0_-0.7";25;-0.7;-0.682844143637;585;0.936;30;0.00865538128360564
"208";"SAR1_-0.7";25;-0.7;-0.666940387323;527;0.8432;30;0.0185396000222723
"209";"SAR0_-0.7";25;-0.7;-0.71566843315;569;0.9104;30;0.0107649714821002
"210";"SAR1_-0.7";25;-0.7;-0.664429755886;575;0.92;30;0.00989604049155105
"211";"SAR0_-0.7";25;-0.7;-0.723466380537;581;0.9296;30;0.00915733881350251
"212";"SAR1_-0.7";25;-0.7;-0.682955859521;439;0.7024;30;0.0541541211460664
"213";"SAR0_-0.7";25;-0.7;-0.711926921329;487;0.7792;30;0.030756008776533
"214";"SAR1_-0.7";25;-0.7;-0.70144691819;558;0.8928;30;0.0124485316811172
"215";"SAR0_-0.7";25;-0.7;-0.680908643648;599;0.9584;30;0.00714528779404448
"216";"SAR1_-0.7";25;-0.7;-0.747826858891;506;0.8096;30;0.0244516868324029
"217";"SAR0_-0.7";25;-0.7;-0.675107006121;457;0.7312;30;0.0438359658313201
"218";"SAR1_-0.7";25;-0.7;-0.742047262793;531;0.8496;30;0.0177916238206377
"219";"SAR0_-0.7";25;-0.7;-0.707867197317;492;0.7872;30;0.0289101845495473
"220";"SAR1_-0.7";25;-0.7;-0.679825972587;451;0.7216;30;0.0470760670548184
"221";"SAR0_-0.7";25;-0.7;-0.658101488139;543;0.8688;30;0.0150770392886411
"222";"SAR1_-0.7";25;-0.7;-0.690405809877;539;0.8624;30;0.0159412866012082
"223";"SAR0_-0.7";25;-0.7;-0.711912003061;429;0.6864;30;0.0610023162858263
"224";"SAR1_-0.7";25;-0.7;-0.74539287853;558;0.8928;30;0.0125014913238294
"225";"SAR0_-0.7";25;-0.7;-0.682634767441;442;0.7072;30;0.0523045343196301
"226";"SAR1_-0.7";25;-0.7;-0.686575162018;584;0.9344;30;0.00877524086857656
"227";"SAR0_-0.7";25;-0.7;-0.698308356333;497;0.7952;30;0.0271428329357589
"228";"SAR1_-0.7";25;-0.7;-0.719319269139;509;0.8144;30;0.0234524810955488
"229";"SAR0_-0.7";25;-0.7;-0.678499331232;518;0.8288;30;0.0208166512521611
"230";"SAR1_-0.7";25;-0.7;-0.701055677177;572;0.9152;30;0.0103286574337185
"231";"SAR0_-0.7";25;-0.7;-0.718051878199;489;0.7824;30;0.0300411741375368
"232";"SAR1_-0.7";25;-0.7;-0.723059150799;574;0.9184;30;0.0100694461142241
"233";"SAR0_-0.7";25;-0.7;-0.736470436423;487;0.7792;30;0.0308723008345829
"234";"SAR1_-0.7";25;-0.7;-0.692605109465;589;0.9424;30;0.00819912538620425
"235";"SAR0_-0.7";25;-0.7;-0.745206400379;527;0.8432;30;0.0187373418533388
"236";"SAR1_-0.7";25;-0.7;-0.682955012718;522;0.8352;30;0.0198012361336247
"237";"SAR0_-0.7";25;-0.7;-0.701376994461;581;0.9296;30;0.00914674441958565
"238";"SAR1_-0.7";25;-0.7;-0.684831937476;492;0.7872;30;0.0288063010732634
"239";"SAR0_-0.7";25;-0.7;-0.717352626834;588;0.9408;30;0.00831931345991548
"240";"SAR1_-0.7";25;-0.7;-0.710245779306;603;0.9648;30;0.00675993808755013
"241";"SAR0_-0.7";25;-0.7;-0.675988052861;524;0.8384;30;0.0192855856719679
"242";"SAR1_-0.7";25;-0.7;-0.708225610297;513;0.8208;30;0.0222673344817105
"243";"SAR0_-0.7";25;-0.7;-0.658426162965;496;0.7936;30;0.0273082649913381
"244";"SAR1_-0.7";25;-0.7;-0.690190174257;510;0.816;30;0.0230606825376317
"245";"SAR0_-0.7";25;-0.7;-0.706767821491;584;0.9344;30;0.00878331367261766
"246";"SAR1_-0.7";25;-0.7;-0.67896806482;488;0.7808;30;0.0302251236584281
"247";"SAR0_-0.7";25;-0.7;-0.742006358362;602;0.9632;30;0.00685430523487576
"248";"SAR1_-0.7";25;-0.7;-0.70127399955;492;0.7872;30;0.0288806106670615
"249";"SAR0_-0.7";25;-0.7;-0.698633815631;582;0.9312;30;0.00902211754950441
"250";"SAR1_-0.7";25;-0.7;-0.722540876231;535;0.856;30;0.0168550641848755
"251";"SAR0_-0.7";25;-0.7;-0.710184690045;588;0.9408;30;0.00831718086071565
"252";"SAR1_-0.7";25;-0.7;-0.711014640761;592;0.9472;30;0.00787275896022034
"253";"SAR0_-0.7";25;-0.7;-0.706076222752;490;0.784;30;0.0296203431116156
"254";"SAR1_-0.7";25;-0.7;-0.674547467936;543;0.8688;30;0.0151069288751258
"255";"SAR0_-0.7";25;-0.7;-0.690977111057;511;0.8176;30;0.0227760363117199
"256";"SAR1_-0.7";25;-0.7;-0.66421014999;589;0.9424;30;0.00819136336756443
"257";"SAR0_-0.7";25;-0.7;-0.692739862144;557;0.8912;30;0.0126033373326901
"258";"SAR1_-0.7";25;-0.7;-0.725876633123;541;0.8656;30;0.0156004242356995
"259";"SAR0_-0.7";25;-0.7;-0.718157488182;598;0.9568;30;0.00724698918172356
"260";"SAR1_-0.7";25;-0.7;-0.677268205196;519;0.8304;30;0.020551542059623
"261";"SAR0_-0.7";25;-0.7;-0.734379645378;506;0.8096;30;0.0244036491473079
"262";"SAR1_-0.7";25;-0.7;-0.69345509021;527;0.8432;30;0.0186072594747111
"263";"SAR0_-0.7";25;-0.7;-0.710603759274;583;0.9328;30;0.00890543416143267
"264";"SAR1_-0.7";25;-0.7;-0.722491356521;586;0.9376;30;0.00855227976216264
"265";"SAR0_-0.7";25;-0.7;-0.732943363271;532;0.8512;30;0.0175433302632761
"266";"SAR1_-0.7";25;-0.7;-0.747270968777;560;0.896;30;0.012175106575173
"267";"SAR0_-0.7";25;-0.7;-0.663082869458;546;0.8736;30;0.0145099812020857
"268";"SAR1_-0.7";25;-0.7;-0.708099043256;558;0.8928;30;0.0124565765414165
"269";"SAR0_-0.7";25;-0.7;-0.698538719929;558;0.8928;30;0.012445011432466
"270";"SAR1_-0.7";25;-0.7;-0.680425624638;518;0.8288;30;0.0208224656364617
"271";"SAR0_-0.7";25;-0.7;-0.679398592146;550;0.88;30;0.0137981188370455
"272";"SAR1_-0.7";25;-0.7;-0.667980484598;527;0.8432;30;0.0185422670377368
"273";"SAR0_-0.7";25;-0.7;-0.692906067575;551;0.8816;30;0.0136387201100339
"274";"SAR1_-0.7";25;-0.7;-0.704635940586;521;0.8336;30;0.0201156136310918
"275";"SAR0_-0.7";25;-0.7;-0.748430482795;581;0.9296;30;0.00916929095112665
"276";"SAR1_-0.7";25;-0.7;-0.680960397923;481;0.7696;30;0.0329249972490537
"277";"SAR0_-0.7";25;-0.7;-0.733831400426;603;0.9648;30;0.00675912492688315
"278";"SAR1_-0.7";25;-0.7;-0.67202328794;604;0.9664;30;0.00666836965894187
"279";"SAR0_-0.7";25;-0.7;-0.684455037417;560;0.896;30;0.0121037808307413
"280";"SAR1_-0.7";25;-0.7;-0.728451381679;580;0.928;30;0.00928540109697592
"281";"SAR0_-0.7";25;-0.7;-0.657882106894;560;0.896;30;0.0120733684088899
"282";"SAR1_-0.7";25;-0.7;-0.703036166435;524;0.8384;30;0.0193584245205752
"283";"SAR0_-0.7";25;-0.7;-0.720447747153;532;0.8512;30;0.0175149540844367
"284";"SAR1_-0.7";25;-0.7;-0.693034962117;613;0.9808;30;0.00587937742493095
"285";"SAR0_-0.7";25;-0.7;-0.747658493722;617;0.9872;30;0.00554239403464331
"286";"SAR1_-0.7";25;-0.7;-0.658787277509;544;0.8704;30;0.0148841371284839
"287";"SAR0_-0.7";25;-0.7;-0.670415177669;609;0.9744;30;0.00622159962464913
"288";"SAR1_-0.7";25;-0.7;-0.723201073257;497;0.7952;30;0.0272464025844345
"289";"SAR0_-0.7";25;-0.7;-0.656683168723;592;0.9472;30;0.00786180736087179
"290";"SAR1_-0.7";25;-0.7;-0.717721611882;442;0.7072;30;0.0525877456886874
"291";"SAR0_-0.7";25;-0.7;-0.742525452433;527;0.8432;30;0.0187306671234266
"292";"SAR1_-0.7";25;-0.7;-0.663777655665;605;0.968;30;0.00657726504804311
"293";"SAR0_-0.7";25;-0.7;-0.727300662294;517;0.8272;30;0.02122948635035
"294";"SAR1_-0.7";25;-0.7;-0.697834498561;587;0.9392;30;0.00842788287279912
"295";"SAR0_-0.7";25;-0.7;-0.68507263405;569;0.9104;30;0.0107394125246761
"296";"SAR1_-0.7";25;-0.7;-0.699253997151;605;0.968;30;0.0065746758517182
"297";"SAR0_-0.7";25;-0.7;-0.71560556646;536;0.8576;30;0.0166241429050261
"298";"SAR1_-0.7";25;-0.7;-0.691333797374;588;0.9408;30;0.00831156901447246
"299";"SAR0_-0.7";25;-0.7;-0.72650574665;501;0.8016;30;0.0259417792766241
"300";"SAR1_-0.7";25;-0.7;-0.708933465652;535;0.856;30;0.0168259162772731
"301";"SAR0_-0.7";25;-0.7;-0.710367165628;511;0.8176;30;0.0228413629246871
"302";"SAR1_-0.7";25;-0.7;-0.655268125794;584;0.9344;30;0.00876270480221524
"303";"SAR0_-0.7";25;-0.7;-0.692761461234;540;0.864;30;0.0157408300217022
"304";"SAR1_-0.7";25;-0.7;-0.689425965283;563;0.9008;30;0.0116372244892289
"305";"SAR0_-0.7";25;-0.7;-0.687316815427;604;0.9664;30;0.00666754547714071
"306";"SAR1_-0.7";25;-0.7;-0.688717273227;564;0.9024;30;0.0114828982620081
"307";"SAR0_-0.7";25;-0.7;-0.694087275547;562;0.8992;30;0.0117977112156551
"308";"SAR1_-0.7";25;-0.7;-0.662605968464;606;0.9696;30;0.00648698695264223
"309";"SAR0_-0.7";25;-0.7;-0.684287995211;614;0.9824;30;0.00579936645294638
"310";"SAR1_-0.7";25;-0.7;-0.721605579698;543;0.8688;30;0.0151917073134076
"311";"SAR0_-0.7";25;-0.7;-0.650591965404;570;0.912;30;0.0105689833352818
"312";"SAR1_-0.7";25;-0.7;-0.705865899571;613;0.9808;30;0.00587662847185273
"313";"SAR0_-0.7";25;-0.7;-0.714566479278;587;0.9392;30;0.00843327998518439
"314";"SAR1_-0.7";25;-0.7;-0.694749399383;505;0.808;30;0.0245644276055845
"315";"SAR0_-0.7";25;-0.7;-0.670140470802;455;0.728;30;0.0448455305233766
"316";"SAR1_-0.7";25;-0.7;-0.738518084496;515;0.824;30;0.0218077237848772
"317";"SAR0_-0.7";25;-0.7;-0.703423776167;501;0.8016;30;0.0258514751476668
"318";"SAR1_-0.7";25;-0.7;-0.724232553575;543;0.8688;30;0.0151964073223739
"319";"SAR0_-0.7";25;-0.7;-0.675344852317;505;0.808;30;0.0244918192610393
"320";"SAR1_-0.7";25;-0.7;-0.691660319435;607;0.9712;30;0.00639457168330354
"321";"SAR0_-0.7";25;-0.7;-0.723763467944;548;0.8768;30;0.0142340670914183
"322";"SAR1_-0.7";25;-0.7;-0.699441862589;504;0.8064;30;0.0248900430335629
"323";"SAR0_-0.7";25;-0.7;-0.66740646636;614;0.9824;30;0.00580325444667189
"324";"SAR1_-0.7";25;-0.7;-0.732977583004;573;0.9168;30;0.0102133763346597
"325";"SAR0_-0.7";25;-0.7;-0.670589372648;583;0.9328;30;0.00888837263974744
"326";"SAR1_-0.7";25;-0.7;-0.697793007209;518;0.8288;30;0.0208746620391311
"327";"SAR0_-0.7";25;-0.7;-0.673409537205;476;0.7616;30;0.0349349531608608
"328";"SAR1_-0.7";25;-0.7;-0.704839942181;604;0.9664;30;0.00666660101588546
"329";"SAR0_-0.7";25;-0.7;-0.714053714848;485;0.776;30;0.0315263425469941
"330";"SAR1_-0.7";25;-0.7;-0.658465937375;609;0.9744;30;0.00622334476634555
"331";"SAR0_-0.7";25;-0.7;-0.701801116356;610;0.976;30;0.00613048378093306
"332";"SAR1_-0.7";25;-0.7;-0.706560914161;544;0.8704;30;0.0149685368265124
"333";"SAR0_-0.7";25;-0.7;-0.707842474113;503;0.8048;30;0.0252338199396441
"334";"SAR1_-0.7";25;-0.7;-0.747633146208;574;0.9184;30;0.0100861098816919
"335";"SAR0_-0.7";25;-0.7;-0.685731703277;537;0.8592;30;0.016348987016989
"336";"SAR1_-0.7";25;-0.7;-0.728569656331;617;0.9872;30;0.00554769747690411
"337";"SAR0_-0.7";25;-0.7;-0.68099918442;511;0.8176;30;0.0227421712859873
"338";"SAR1_-0.7";25;-0.7;-0.704116228321;493;0.7888;30;0.0285403657790996
"339";"SAR0_-0.7";25;-0.7;-0.711739270659;584;0.9344;30;0.00878529966002893
"340";"SAR1_-0.7";25;-0.7;-0.704397651887;531;0.8496;30;0.0177042722600619
"341";"SAR0_-0.7";25;-0.7;-0.727755523214;541;0.8656;30;0.0156039407119607
"342";"SAR1_-0.7";25;-0.7;-0.657636406752;543;0.8688;30;0.0150761920681778
"343";"SAR0_-0.7";25;-0.7;-0.702499425173;602;0.9632;30;0.00685488666042824
"344";"SAR1_-0.7";25;-0.7;-0.741340753776;573;0.9168;30;0.0102192967010793
"345";"SAR0_-0.7";25;-0.7;-0.665408777917;539;0.8624;30;0.0158916214235607
"346";"SAR1_-0.7";25;-0.7;-0.658515296942;552;0.8832;30;0.0134113214765069
"347";"SAR0_-0.7";25;-0.7;-0.699016496682;547;0.8752;30;0.0143814838384441
"348";"SAR1_-0.7";25;-0.7;-0.680455942855;525;0.84;30;0.0190536913351385
"349";"SAR0_-0.7";25;-0.7;-0.689076341497;490;0.784;30;0.029541574645464
"350";"SAR1_-0.7";25;-0.7;-0.705822902523;549;0.8784;30;0.0140207843552525
"351";"SAR0_-0.7";25;-0.7;-0.699896446796;597;0.9552;30;0.00734660985256888
"352";"SAR1_-0.7";25;-0.7;-0.698926786214;478;0.7648;30;0.0342411782472127
"353";"SAR0_-0.7";25;-0.7;-0.72251130142;488;0.7808;30;0.0304320423261948
"354";"SAR1_-0.7";25;-0.7;-0.713365179745;450;0.72;30;0.0478813533300382
"355";"SAR0_-0.7";25;-0.7;-0.741346347812;497;0.7952;30;0.0273208993439429
"356";"SAR1_-0.7";25;-0.7;-0.708935399092;455;0.728;30;0.0451227275002978
"357";"SAR0_-0.7";25;-0.7;-0.716572407237;545;0.872;30;0.0147918038802985
"358";"SAR1_-0.7";25;-0.7;-0.74192188962;492;0.7872;30;0.0290609068370428
"359";"SAR0_-0.7";25;-0.7;-0.690616486933;551;0.8816;30;0.013635337969588
"360";"SAR1_-0.7";25;-0.7;-0.726533672693;499;0.7984;30;0.0265936139362822
"361";"SAR0_-0.7";25;-0.7;-0.661440166644;560;0.896;30;0.0120774488019605
"362";"SAR1_-0.7";25;-0.7;-0.700547516237;548;0.8768;30;0.0141971800089123
"363";"SAR0_-0.7";25;-0.7;-0.678664432957;521;0.8336;30;0.0200417400161185
"364";"SAR1_-0.7";25;-0.7;-0.659415877526;582;0.9312;30;0.00900432950782142
"365";"SAR0_-0.7";25;-0.7;-0.733582760388;527;0.8432;30;0.018708351949906
"366";"SAR1_-0.7";25;-0.7;-0.709880354376;600;0.96;30;0.0070481068125984
"367";"SAR0_-0.7";25;-0.7;-0.704001460433;513;0.8208;30;0.022253605822811
"368";"SAR1_-0.7";25;-0.7;-0.718080847207;461;0.7376;30;0.0420958792015531
"369";"SAR0_-0.7";25;-0.7;-0.699448348827;508;0.8128;30;0.0236780958255667
"370";"SAR1_-0.7";25;-0.7;-0.674444785057;579;0.9264;30;0.00938373191374046
"371";"SAR0_-0.7";25;-0.7;-0.690807748876;578;0.9248;30;0.00952028197200932
"372";"SAR1_-0.7";25;-0.7;-0.693684279;522;0.8352;30;0.0198312418369355
"373";"SAR0_-0.7";25;-0.7;-0.710981146975;591;0.9456;30;0.00798182678471118
"374";"SAR1_-0.7";25;-0.7;-0.682098129142;580;0.928;30;0.00926188266920757
"375";"SAR0_-0.7";25;-0.7;-0.720862372117;538;0.8608;30;0.0162100925345895
"376";"SAR1_-0.7";25;-0.7;-0.744613935665;574;0.9184;30;0.0100840648922496
"377";"SAR0_-0.7";25;-0.7;-0.708046268943;494;0.7904;30;0.0282083972252421
"378";"SAR1_-0.7";25;-0.7;-0.685642274517;527;0.8432;30;0.0185873942315231
"379";"SAR0_-0.7";25;-0.7;-0.734027297222;491;0.7856;30;0.029385083751655
"380";"SAR1_-0.7";25;-0.7;-0.697463937029;516;0.8256;30;0.0214077705840639
"381";"SAR0_-0.7";25;-0.7;-0.749398099842;576;0.9216;30;0.00981697456644161
"382";"SAR1_-0.7";25;-0.7;-0.68615688193;505;0.808;30;0.0245323709517921
"383";"SAR0_-0.7";25;-0.7;-0.693460485151;492;0.7872;30;0.0288453971763397
"384";"SAR1_-0.7";25;-0.7;-0.708800471411;474;0.7584;30;0.035989877045682
"385";"SAR0_-0.7";25;-0.7;-0.672730232589;467;0.7472;30;0.0389147383080647
"386";"SAR1_-0.7";25;-0.7;-0.745786428204;532;0.8512;30;0.0175723647442382
"387";"SAR0_-0.7";25;-0.7;-0.748438144094;584;0.9344;30;0.00879994116837031
"388";"SAR1_-0.7";25;-0.7;-0.658005382891;472;0.7552;30;0.0365652181157645
"389";"SAR0_-0.7";25;-0.7;-0.707979896444;507;0.8112;30;0.0240065617656255
"390";"SAR1_-0.7";25;-0.7;-0.651911080435;597;0.9552;30;0.00734233328302066
"391";"SAR0_-0.7";25;-0.7;-0.674948034571;475;0.76;30;0.0353674380044251
"392";"SAR1_-0.7";25;-0.7;-0.709214168991;583;0.9328;30;0.00890484241441356
"393";"SAR0_-0.7";25;-0.7;-0.693336519314;499;0.7984;30;0.0264594127834238
"394";"SAR1_-0.7";25;-0.7;-0.716606741594;520;0.832;30;0.0204068401218149
"395";"SAR0_-0.7";25;-0.7;-0.7364336384;459;0.7344;30;0.0432254605420018
"396";"SAR1_-0.7";25;-0.7;-0.654054427093;487;0.7792;30;0.0304737889904907
"397";"SAR0_-0.7";25;-0.7;-0.707026067172;606;0.9696;30;0.00648291130309565
"398";"SAR1_-0.7";25;-0.7;-0.717300948138;542;0.8672;30;0.0153829861627733
"399";"SAR0_-0.7";25;-0.7;-0.745080175036;516;0.8256;30;0.0215537869020636
"400";"SAR1_-0.7";25;-0.7;-0.70091562065;525;0.84;30;0.0191077293114513
"401";"SAR0_-0.7";25;-0.7;-0.748163426048;540;0.864;30;0.0158470909783937
"402";"SAR1_-0.7";25;-0.7;-0.670215974569;555;0.888;30;0.0129102270532764
"403";"SAR0_-0.7";25;-0.7;-0.715488678703;607;0.9712;30;0.00639194515246568
"404";"SAR1_-0.7";25;-0.7;-0.685735964223;521;0.8336;30;0.0200619354963251
"405";"SAR0_-0.7";25;-0.7;-0.688393885569;549;0.8784;30;0.013993689636443
"406";"SAR1_-0.7";25;-0.7;-0.706379515656;493;0.7888;30;0.0285503718160033
"407";"SAR0_-0.7";25;-0.7;-0.708928755447;502;0.8032;30;0.0255537476572473
"408";"SAR1_-0.7";25;-0.7;-0.661888067143;450;0.72;30;0.0474928169284442
"409";"SAR0_-0.7";25;-0.7;-0.690511969221;491;0.7856;30;0.0291881657973515
"410";"SAR1_-0.7";25;-0.7;-0.698860831037;592;0.9472;30;0.00787031070451629
"411";"SAR0_-0.7";25;-0.7;-0.687006232179;615;0.984;30;0.00571786601605619
"412";"SAR1_-0.7";25;-0.7;-0.664362528991;603;0.9648;30;0.00676151972015488
"413";"SAR0_-0.7";25;-0.7;-0.707124113786;544;0.8704;30;0.0149695253122524
"414";"SAR1_-0.7";25;-0.7;-0.666454628003;543;0.8688;30;0.0150922374957877
"415";"SAR0_-0.7";25;-0.7;-0.662662768316;534;0.8544;30;0.016942006693366
"416";"SAR1_-0.7";25;-0.7;-0.670259761163;459;0.7344;30;0.0427786329006646
"417";"SAR0_-0.7";25;-0.7;-0.739589183883;503;0.8048;30;0.0253537248004437
"418";"SAR1_-0.7";25;-0.7;-0.706356884445;571;0.9136;30;0.0104723886609238
"419";"SAR0_-0.7";25;-0.7;-0.716018307136;516;0.8256;30;0.0214650557473335
"420";"SAR1_-0.7";25;-0.7;-0.732526523678;514;0.8224;30;0.0220658691537673
"421";"SAR0_-0.7";25;-0.7;-0.660127198532;454;0.7264;30;0.0453022598377619
"422";"SAR1_-0.7";25;-0.7;-0.700567640901;530;0.848;30;0.0179237507293875
"423";"SAR0_-0.7";25;-0.7;-0.683895670451;605;0.968;30;0.00657579688219835
"424";"SAR1_-0.7";25;-0.7;-0.748880720443;502;0.8032;30;0.0257064816424638
"425";"SAR0_-0.7";25;-0.7;-0.682686870435;488;0.7808;30;0.0302430383419664
"426";"SAR1_-0.7";25;-0.7;-0.652717803179;512;0.8192;30;0.0223633559353149
"427";"SAR0_-0.7";25;-0.7;-0.699064007595;472;0.7552;30;0.0368090165351086
"428";"SAR1_-0.7";25;-0.7;-0.711447244836;609;0.9744;30;0.00621560363779737
"429";"SAR0_-0.7";25;-0.7;-0.704730017207;465;0.744;30;0.0400586694095232
"430";"SAR1_-0.7";25;-0.7;-0.722663317381;496;0.7936;30;0.027582863415979
"431";"SAR0_-0.7";25;-0.7;-0.684043532332;491;0.7856;30;0.0291584055392185
"432";"SAR1_-0.7";25;-0.7;-0.717378092296;552;0.8832;30;0.0134960444873642
"433";"SAR0_-0.7";25;-0.7;-0.738785176602;581;0.9296;30;0.00916467568560762
"434";"SAR1_-0.7";25;-0.7;-0.707761993229;580;0.928;30;0.00927491444933157
"435";"SAR0_-0.7";25;-0.7;-0.689394615051;476;0.7616;30;0.0350250706023558
"436";"SAR1_-0.7";25;-0.7;-0.711839239954;609;0.9744;30;0.0062155463304122
"437";"SAR0_-0.7";25;-0.7;-0.700034236629;511;0.8176;30;0.022806629816989
"438";"SAR1_-0.7";25;-0.7;-0.711649907399;493;0.7888;30;0.0285736154611694
"439";"SAR0_-0.7";25;-0.7;-0.673415390899;455;0.728;30;0.0448693375534115
"440";"SAR1_-0.7";25;-0.7;-0.696710096217;604;0.9664;30;0.00666703921472861
"441";"SAR0_-0.7";25;-0.7;-0.70940539482;572;0.9152;30;0.0103348441796438
"442";"SAR1_-0.7";25;-0.7;-0.727736617084;489;0.7824;30;0.0300858903150089
"443";"SAR0_-0.7";25;-0.7;-0.731958172077;481;0.7696;30;0.0331896981841108
"444";"SAR1_-0.7";25;-0.7;-0.719500588471;591;0.9456;30;0.00798374261372218
"445";"SAR0_-0.7";25;-0.7;-0.676330851391;564;0.9024;30;0.0114704789893892
"446";"SAR1_-0.7";25;-0.7;-0.723690374063;544;0.8704;30;0.0149985333642034
"447";"SAR0_-0.7";25;-0.7;-0.674197486504;549;0.8784;30;0.0139715363981851
"448";"SAR1_-0.7";25;-0.7;-0.748540706984;586;0.9376;30;0.00856132710436798
"449";"SAR0_-0.7";25;-0.7;-0.682687356705;615;0.984;30;0.00571892977916218
"450";"SAR1_-0.7";25;-0.7;-0.721226408223;588;0.9408;30;0.00832046569271353
"451";"SAR0_-0.7";25;-0.7;-0.736814434906;617;0.9872;30;0.00554540731866034
"452";"SAR1_-0.7";25;-0.7;-0.678306326169;531;0.8496;30;0.017643042257605
"453";"SAR0_-0.7";25;-0.7;-0.653209958073;526;0.8416;30;0.0187412781846452
"454";"SAR1_-0.7";25;-0.7;-0.661754529685;525;0.84;30;0.0190039123092128
"455";"SAR0_-0.7";25;-0.7;-0.712479292289;538;0.8608;30;0.016193263822106
"456";"SAR1_-0.7";25;-0.7;-0.676815131786;580;0.928;30;0.00925919677113475
"457";"SAR0_-0.7";25;-0.7;-0.667751793262;581;0.9296;30;0.00913058386100235
"458";"SAR1_-0.7";25;-0.7;-0.737394832956;571;0.9136;30;0.0104962976954839
"459";"SAR0_-0.7";25;-0.7;-0.658621815165;584;0.9344;30;0.00876404885026818
"460";"SAR1_-0.7";25;-0.7;-0.66207101348;546;0.8736;30;0.0145082697318542
"461";"SAR0_-0.7";25;-0.7;-0.73397780059;469;0.7504;30;0.0383648116045242
"462";"SAR1_-0.7";25;-0.7;-0.708168619712;616;0.9856;30;0.00563248811297345
"463";"SAR0_-0.7";25;-0.7;-0.692927769499;494;0.7904;30;0.0281422963410666
"464";"SAR1_-0.7";25;-0.7;-0.701506036676;517;0.8272;30;0.0211514915171042
"465";"SAR0_-0.7";25;-0.7;-0.652634863127;498;0.7968;30;0.0266180763045479
"466";"SAR1_-0.7";25;-0.7;-0.697527120671;489;0.7824;30;0.029945422907565
"467";"SAR0_-0.7";25;-0.7;-0.669300916341;573;0.9168;30;0.0101681184391545
"468";"SAR1_-0.7";25;-0.7;-0.670984318857;540;0.864;30;0.0156985795757959
"469";"SAR0_-0.7";25;-0.7;-0.707519171975;545;0.872;30;0.0147763128755179
"470";"SAR1_-0.7";25;-0.7;-0.70363842105;572;0.9152;30;0.0103305717621601
"471";"SAR0_-0.7";25;-0.7;-0.657528109824;452;0.7232;30;0.0463594520350041
"472";"SAR1_-0.7";25;-0.7;-0.685689257022;545;0.872;30;0.014738806130895
"473";"SAR0_-0.7";25;-0.7;-0.664306753149;537;0.8592;30;0.0163044464060403
"474";"SAR1_-0.7";25;-0.7;-0.716808002475;550;0.88;30;0.013854772386247
"475";"SAR0_-0.7";25;-0.7;-0.708236223714;567;0.9072;30;0.0110507840472543
"476";"SAR1_-0.7";25;-0.7;-0.696977593604;437;0.6992;30;0.0555376449295305
"477";"SAR0_-0.7";25;-0.7;-0.743453744104;599;0.9584;30;0.00714819938673033
"478";"SAR1_-0.7";25;-0.7;-0.717723596065;537;0.8592;30;0.0164149373676531
"479";"SAR0_-0.7";25;-0.7;-0.703531545937;449;0.7184;30;0.0483708730988847
"480";"SAR1_-0.7";25;-0.7;-0.728815762078;399;0.6384;30;0.0854505785031741
"481";"SAR0_-0.7";25;-0.7;-0.691947875853;521;0.8336;30;0.0200796258922749
"482";"SAR1_-0.7";25;-0.7;-0.747880337485;445;0.712;30;0.0510173344268265
"483";"SAR0_-0.7";25;-0.7;-0.707688579593;548;0.8768;30;0.014208548807416
"484";"SAR1_-0.7";25;-0.7;-0.681790486708;558;0.8928;30;0.0124247009212373
"485";"SAR0_-0.7";25;-0.7;-0.703805723093;490;0.784;30;0.0296098747892202
"486";"SAR1_-0.7";25;-0.7;-0.662994569548;496;0.7936;30;0.0273281557332137
"487";"SAR0_-0.7";25;-0.7;-0.719567321719;515;0.824;30;0.0217488298000332
"488";"SAR1_-0.7";25;-0.7;-0.679521727971;523;0.8368;30;0.0195419345318306
"489";"SAR0_-0.7";25;-0.7;-0.716247359166;567;0.9072;30;0.0110579820258938
"490";"SAR1_-0.7";25;-0.7;-0.721986559523;567;0.9072;30;0.0110631336909678
"491";"SAR0_-0.7";25;-0.7;-0.680745419054;453;0.7248;30;0.0459912667683073
"492";"SAR1_-0.7";25;-0.7;-0.685255615425;509;0.8144;30;0.0233340018483596
"493";"SAR0_-0.7";25;-0.7;-0.652050942389;479;0.7664;30;0.0335739081771605
"494";"SAR1_-0.7";25;-0.7;-0.716792058876;575;0.92;30;0.00993015344656377
"495";"SAR0_-0.7";25;-0.7;-0.736566248823;548;0.8768;30;0.014254318199954
"496";"SAR1_-0.7";25;-0.7;-0.720749695547;547;0.8752;30;0.0144169118314927
"497";"SAR0_-0.7";25;-0.7;-0.716245068747;499;0.7984;30;0.0265523074772495
"498";"SAR1_-0.7";25;-0.7;-0.742084172719;497;0.7952;30;0.0273239107752798
"499";"SAR0_-0.7";25;-0.7;-0.724497532916;604;0.9664;30;0.00666554135331804
"500";"SAR1_-0.7";25;-0.7;-0.690191364253;502;0.8032;30;0.0254808934554253
"501";"SAR0_-0.7";25;-0.7;-0.673078886582;555;0.888;30;0.0129140313556022
"502";"SAR1_-0.7";25;-0.7;-0.686676694809;528;0.8448;30;0.0183541258480187
"503";"SAR0_-0.7";25;-0.7;-0.667045235101;558;0.8928;30;0.0124067665910948
"504";"SAR1_-0.7";25;-0.7;-0.71280700135;557;0.8912;30;0.0126283465213307
"505";"SAR0_-0.7";25;-0.7;-0.714158339343;592;0.9472;30;0.00787339207563873
"506";"SAR1_-0.7";25;-0.7;-0.702807135988;587;0.9392;30;0.00842948732869729
"507";"SAR0_-0.7";25;-0.7;-0.695470163582;529;0.8464;30;0.0181424485915478
"508";"SAR1_-0.7";25;-0.7;-0.69787662971;506;0.8096;30;0.0242714517390076
"509";"SAR0_-0.7";25;-0.7;-0.713317498501;435;0.696;30;0.0569696750478114
"510";"SAR1_-0.7";25;-0.7;-0.653613545899;514;0.8224;30;0.0218120968086434
"511";"SAR0_-0.7";25;-0.7;-0.690323786828;552;0.8832;30;0.0134572418600667
"512";"SAR1_-0.7";25;-0.7;-0.729831400594;467;0.7472;30;0.0392677483066995
"513";"SAR0_-0.7";25;-0.7;-0.666261444266;580;0.928;30;0.00925382790439523
"514";"SAR1_-0.7";25;-0.7;-0.719873553992;602;0.9632;30;0.00685463097071819
"515";"SAR0_-0.7";25;-0.7;-0.710601673159;609;0.9744;30;0.0062157272537766
"516";"SAR1_-0.7";25;-0.7;-0.6599232;530;0.848;30;0.0178260288919275
"517";"SAR0_-0.7";25;-0.7;-0.701988701972;549;0.8784;30;0.0140148335465847
"518";"SAR1_-0.7";25;-0.7;-0.720404713192;456;0.7296;30;0.0446736651010616
"519";"SAR0_-0.7";25;-0.7;-0.723001669797;531;0.8496;30;0.0177475838666848
"520";"SAR1_-0.7";25;-0.7;-0.676222286977;589;0.9424;30;0.0081946481183983
"521";"SAR0_-0.7";25;-0.7;-0.685651602446;458;0.7328;30;0.0433949776969325
"522";"SAR1_-0.7";25;-0.7;-0.715279916301;570;0.912;30;0.0106210830487024
"523";"SAR0_-0.7";25;-0.7;-0.693290748013;559;0.8944;30;0.0122752734900195
"524";"SAR1_-0.7";25;-0.7;-0.709659231107;606;0.9696;30;0.0064826696268283
"525";"SAR0_-0.7";25;-0.7;-0.672288786836;614;0.9824;30;0.00580213022139575
"526";"SAR1_-0.7";25;-0.7;-0.705907541762;598;0.9568;30;0.00724616052190059
"527";"SAR0_-0.7";25;-0.7;-0.724741010654;607;0.9712;30;0.00639092502071161
"528";"SAR1_-0.7";25;-0.7;-0.65895169835;493;0.7888;30;0.0283376111554603
"529";"SAR0_-0.7";25;-0.7;-0.73900935664;557;0.8912;30;0.0126608550693292
"530";"SAR1_-0.7";25;-0.7;-0.658275170026;603;0.9648;30;0.0067617295282558
"531";"SAR0_-0.7";25;-0.7;-0.686323181435;538;0.8608;30;0.0161404736484786
"532";"SAR1_-0.7";25;-0.7;-0.688657381352;517;0.8272;30;0.0211122955281151
"533";"SAR0_-0.7";25;-0.7;-0.690003023623;566;0.9056;30;0.0111824809561925
"534";"SAR1_-0.7";25;-0.7;-0.706625259334;545;0.872;30;0.014774781274138
"535";"SAR0_-0.7";25;-0.7;-0.705704110885;603;0.9648;30;0.00676009465917321
"536";"SAR1_-0.7";25;-0.7;-0.719931448941;538;0.8608;30;0.0162082259142679
"537";"SAR0_-0.7";25;-0.7;-0.721418341024;558;0.8928;30;0.0124726541095598
"538";"SAR1_-0.7";25;-0.7;-0.697968242113;497;0.7952;30;0.0271414068242775
"539";"SAR0_-0.7";25;-0.7;-0.717349284839;607;0.9712;30;0.00639174002044924
"540";"SAR1_-0.7";25;-0.7;-0.717689716428;560;0.896;30;0.0121416172696886
"541";"SAR0_-0.7";25;-0.7;-0.713349277411;600;0.96;30;0.00704819629295319
"542";"SAR1_-0.7";25;-0.7;-0.705569678046;530;0.848;30;0.0179356779362914
"543";"SAR0_-0.7";25;-0.7;-0.705500173385;508;0.8128;30;0.0236994849414832
"544";"SAR1_-0.7";25;-0.7;-0.694457815941;481;0.7696;30;0.0329960415268428
"545";"SAR0_-0.7";25;-0.7;-0.704952297376;615;0.984;30;0.00571344406123813
"546";"SAR1_-0.7";25;-0.7;-0.667927300831;451;0.7216;30;0.0469859545435451
"547";"SAR0_-0.7";25;-0.7;-0.724418853849;529;0.8464;30;0.0182126831690491
"548";"SAR1_-0.7";25;-0.7;-0.691954861872;480;0.768;30;0.0333852472178062
"549";"SAR0_-0.7";25;-0.7;-0.705349964234;588;0.9408;30;0.00831574204106579
"550";"SAR1_-0.7";25;-0.7;-0.723655018842;544;0.8704;30;0.0149984715957804
"551";"SAR0_-0.7";25;-0.7;-0.695389407271;590;0.944;30;0.00808840542468941
"552";"SAR1_-0.7";25;-0.7;-0.720074457112;462;0.7392;30;0.0416124843562817
"553";"SAR0_-0.7";25;-0.7;-0.68665590299;587;0.9392;30;0.00842427457555701
"554";"SAR1_-0.7";25;-0.7;-0.670377981282;587;0.9392;30;0.00841901670973344
"555";"SAR0_-0.7";25;-0.7;-0.728494228288;569;0.9104;30;0.010775655530275
"556";"SAR1_-0.7";25;-0.7;-0.70609747503;537;0.8592;30;0.0163910478149822
"557";"SAR0_-0.7";25;-0.7;-0.707881249155;586;0.9376;30;0.00854719989090873
"558";"SAR1_-0.7";25;-0.7;-0.718984874926;551;0.8816;30;0.0136771186594755
"559";"SAR0_-0.7";25;-0.7;-0.732596396957;491;0.7856;30;0.0293786992093907
"560";"SAR1_-0.7";25;-0.7;-0.722278930111;589;0.9424;30;0.00820722713346998
"561";"SAR0_-0.7";25;-0.7;-0.735790770138;471;0.7536;30;0.0374670814302691
"562";"SAR1_-0.7";25;-0.7;-0.73507638777;508;0.8128;30;0.0238030374719856
"563";"SAR0_-0.7";25;-0.7;-0.69644873833;464;0.7424;30;0.0404852759653338
"564";"SAR1_-0.7";25;-0.7;-0.708703587408;608;0.9728;30;0.00630378004970841
"565";"SAR0_-0.7";25;-0.7;-0.729862241416;606;0.9696;30;0.00648081507289024
"566";"SAR1_-0.7";25;-0.7;-0.706548362434;520;0.832;30;0.020377957743836
"567";"SAR0_-0.7";25;-0.7;-0.679076120212;585;0.936;30;0.00865397177901339
"568";"SAR1_-0.7";25;-0.7;-0.65742870882;535;0.856;30;0.0167143983063473
"569";"SAR0_-0.7";25;-0.7;-0.684323155461;496;0.7936;30;0.0274202845112882
"570";"SAR1_-0.7";25;-0.7;-0.701340973375;518;0.8288;30;0.0208852752022531
"571";"SAR0_-0.7";25;-0.7;-0.683227839841;594;0.9504;30;0.00765437741812611
"572";"SAR1_-0.7";25;-0.7;-0.685669972972;479;0.7664;30;0.0337580998231655
"573";"SAR0_-0.7";25;-0.7;-0.718347723956;500;0.8;30;0.0262335546998806
"574";"SAR1_-0.7";25;-0.7;-0.653803952894;541;0.8656;30;0.0154640739154782
"575";"SAR0_-0.7";25;-0.7;-0.697024592522;606;0.9696;30;0.00648382917674052
"576";"SAR1_-0.7";25;-0.7;-0.730239320551;545;0.872;30;0.0148151185674698
"577";"SAR0_-0.7";25;-0.7;-0.738324416853;566;0.9056;30;0.01122746921162
"578";"SAR1_-0.7";25;-0.7;-0.718267936454;496;0.7936;30;0.027564421942179
"579";"SAR0_-0.7";25;-0.7;-0.720629531158;577;0.9232;30;0.00966730951618786
"580";"SAR1_-0.7";25;-0.7;-0.727491972628;551;0.8816;30;0.0136895948823803
"581";"SAR0_-0.7";25;-0.7;-0.74820204049;552;0.8832;30;0.0135399679785856
"582";"SAR1_-0.7";25;-0.7;-0.707048349668;496;0.7936;30;0.0275171177805112
"583";"SAR0_-0.7";25;-0.7;-0.693807847952;581;0.9296;30;0.00914311013763188
"584";"SAR1_-0.7";25;-0.7;-0.707222778028;591;0.9456;30;0.00798098143392171
"585";"SAR0_-0.7";25;-0.7;-0.687813400212;541;0.8656;30;0.0155287691437735
"586";"SAR1_-0.7";25;-0.7;-0.67846671019;593;0.9488;30;0.00775924793753646
"587";"SAR0_-0.7";25;-0.7;-0.702464471114;508;0.8128;30;0.0236887643065723
"588";"SAR1_-0.7";25;-0.7;-0.743027186518;603;0.9648;30;0.00675880785735191
"589";"SAR0_-0.7";25;-0.7;-0.728945063591;515;0.824;30;0.0217780400172323
"590";"SAR1_-0.7";25;-0.7;-0.701316351814;532;0.8512;30;0.0174712657369329
"591";"SAR0_-0.7";25;-0.7;-0.692255556492;483;0.7728;30;0.0321929618559897
"592";"SAR1_-0.7";25;-0.7;-0.716570253832;536;0.8576;30;0.0166261656117894
"593";"SAR0_-0.7";25;-0.7;-0.727388864979;533;0.8528;30;0.0173063529037094
"594";"SAR1_-0.7";25;-0.7;-0.69289371601;495;0.792;30;0.0277976364170771
"595";"SAR0_-0.7";25;-0.7;-0.733386463206;546;0.8736;30;0.0146278070707408
"596";"SAR1_-0.7";25;-0.7;-0.674783840541;482;0.7712;30;0.0324954981316228
"597";"SAR0_-0.7";25;-0.7;-0.693259120057;612;0.9792;30;0.00596242802561944
"598";"SAR1_-0.7";25;-0.7;-0.687727795797;530;0.848;30;0.0178930349292809
"599";"SAR0_-0.7";25;-0.7;-0.684882585036;579;0.9264;30;0.00938933063391763
"600";"SAR1_-0.7";25;-0.7;-0.714661571418;549;0.8784;30;0.0140344813123038
"601";"SAR0_-0.7";25;-0.7;-0.743245971226;551;0.8816;30;0.0137126345584195
"602";"SAR1_-0.7";25;-0.7;-0.695540366872;460;0.736;30;0.0424473822613376
"603";"SAR0_-0.7";25;-0.7;-0.678611961962;590;0.944;30;0.0080842278600081
"604";"SAR1_-0.7";25;-0.7;-0.709745037668;455;0.728;30;0.0451284011185501
"605";"SAR0_-0.7";25;-0.7;-0.738348412498;528;0.8448;30;0.0184818507083348
"606";"SAR1_-0.7";25;-0.7;-0.671956654182;520;0.832;30;0.0202776577780328
"607";"SAR0_-0.7";25;-0.7;-0.65430036723;566;0.9056;30;0.0111490378128334
"608";"SAR1_-0.7";25;-0.7;-0.72357445792;548;0.8768;30;0.0142337676363433
"609";"SAR0_-0.7";25;-0.7;-0.679738580955;603;0.9648;30;0.00676098973686683
"610";"SAR1_-0.7";25;-0.7;-0.699781572678;483;0.7728;30;0.0322313198719603
"611";"SAR0_-0.7";25;-0.7;-0.689862605111;546;0.8736;30;0.0145551157474772
"612";"SAR1_-0.7";25;-0.7;-0.691466428286;518;0.8288;30;0.0208556950338008
"613";"SAR0_-0.7";25;-0.7;-0.688572344395;558;0.8928;30;0.0124329329461519
"614";"SAR1_-0.7";25;-0.7;-0.67138740893;593;0.9488;30;0.00775798485765047
"615";"SAR0_-0.7";25;-0.7;-0.725222106675;573;0.9168;30;0.0102078812289287
"616";"SAR1_-0.7";25;-0.7;-0.68703579729;544;0.8704;30;0.0149341741581225
"617";"SAR0_-0.7";25;-0.7;-0.710718335584;531;0.8496;30;0.0177190197532425
"618";"SAR1_-0.7";25;-0.7;-0.695266605448;576;0.9216;30;0.00978340727914785
"619";"SAR0_-0.7";25;-0.7;-0.731015355444;551;0.8816;30;0.0136947549941716
"620";"SAR1_-0.7";25;-0.7;-0.692946772108;527;0.8432;30;0.0186059688115344
"621";"SAR0_-0.7";25;-0.7;-0.670547507623;503;0.8048;30;0.0250901749399465
"622";"SAR1_-0.7";25;-0.7;-0.741350381597;538;0.8608;30;0.0162510361614951
"623";"SAR0_-0.7";25;-0.7;-0.700160113569;529;0.8464;30;0.0181538786366856
"624";"SAR1_-0.7";25;-0.7;-0.673987911297;609;0.9744;30;0.0062210777533065
"625";"SAR0_-0.7";25;-0.7;-0.67811980069;504;0.8064;30;0.0248091657678871
"626";"SAR1_-0.7";25;-0.7;-0.656360578961;574;0.9184;30;0.0100239979112597
"627";"SAR0_-0.7";25;-0.7;-0.69272543934;539;0.8624;30;0.0159458763718479
"628";"SAR1_-0.7";25;-0.7;-0.694050787095;614;0.9824;30;0.00579711698343932
"629";"SAR0_-0.7";25;-0.7;-0.67621541609;574;0.9184;30;0.0100375603815579
"630";"SAR1_-0.7";25;-0.7;-0.724607812978;580;0.928;30;0.00928345423662616
"631";"SAR0_-0.7";25;-0.7;-0.725435872089;488;0.7808;30;0.0304457181219606
"632";"SAR1_-0.7";25;-0.7;-0.668172855287;499;0.7984;30;0.0263559009786841
"633";"SAR0_-0.7";25;-0.7;-0.711794861064;590;0.944;30;0.00809248778047253
"634";"SAR1_-0.7";25;-0.7;-0.663862464063;613;0.9808;30;0.00588562339581559
"635";"SAR0_-0.7";25;-0.7;-0.725609492792;594;0.9504;30;0.0076609660212719
"636";"SAR1_-0.7";25;-0.7;-0.691695244287;438;0.7008;30;0.054856954782224
"637";"SAR0_-0.7";25;-0.7;-0.674592348867;493;0.7888;30;0.0284084919005918
"638";"SAR1_-0.7";25;-0.7;-0.681452388219;552;0.8832;30;0.0134444671149875
"639";"SAR0_-0.7";25;-0.7;-0.679434165172;563;0.9008;30;0.0116268668639706
"640";"SAR1_-0.7";25;-0.7;-0.686819365321;609;0.9744;30;0.00621920312512482
"641";"SAR0_-0.7";25;-0.7;-0.6886190999;492;0.7872;30;0.0288234878749654
"642";"SAR1_-0.7";25;-0.7;-0.702894637248;582;0.9312;30;0.00902404719048054
"643";"SAR0_-0.7";25;-0.7;-0.729345717903;471;0.7536;30;0.0374300575729295
"644";"SAR1_-0.7";25;-0.7;-0.660468740712;592;0.9472;30;0.00786257101147995
"645";"SAR0_-0.7";25;-0.7;-0.694351295945;571;0.9136;30;0.0104631165346192
"646";"SAR1_-0.7";25;-0.7;-0.713880697369;519;0.8304;30;0.0206593272715673
"647";"SAR0_-0.7";25;-0.7;-0.692155345258;557;0.8912;30;0.0126026074040595
"648";"SAR1_-0.7";25;-0.7;-0.744964449729;520;0.832;30;0.0204875849222282
"649";"SAR0_-0.7";25;-0.7;-0.704009353725;535;0.856;30;0.0168153360902747
"650";"SAR1_-0.7";25;-0.7;-0.699023999264;572;0.9152;30;0.0103271511540747
"651";"SAR0_-0.7";25;-0.7;-0.71512689113;605;0.968;30;0.00657351706606462
"652";"SAR1_-0.7";25;-0.7;-0.699286633588;543;0.8688;30;0.0151516363101234
"653";"SAR0_-0.7";25;-0.7;-0.715270109418;556;0.8896;30;0.0127996024595101
"654";"SAR1_-0.7";25;-0.7;-0.734229043105;548;0.8768;30;0.0142506260895842
"655";"SAR0_-0.7";25;-0.7;-0.698929820851;557;0.8912;30;0.0126110621157333
"656";"SAR1_-0.7";25;-0.7;-0.721671528008;499;0.7984;30;0.0265741254247612
"657";"SAR0_-0.7";25;-0.7;-0.653485329396;438;0.7008;30;0.0545262897563266
"658";"SAR1_-0.7";25;-0.7;-0.680671475765;556;0.8896;30;0.012755165317928
"659";"SAR0_-0.7";25;-0.7;-0.715612730486;479;0.7664;30;0.0339182293642779
"660";"SAR1_-0.7";25;-0.7;-0.744313190404;576;0.9216;30;0.0098138288884035
"661";"SAR0_-0.7";25;-0.7;-0.744392778195;614;0.9824;30;0.0057855060168898
"662";"SAR1_-0.7";25;-0.7;-0.704048200191;493;0.7888;30;0.0285400647981655
"663";"SAR0_-0.7";25;-0.7;-0.730732566943;607;0.9712;30;0.00639026432965252
"664";"SAR1_-0.7";25;-0.7;-0.657403053224;601;0.9616;30;0.00695054342473832
"665";"SAR0_-0.7";25;-0.7;-0.708849232467;552;0.8832;30;0.0134838372506849
"666";"SAR1_-0.7";25;-0.7;-0.677983672059;561;0.8976;30;0.0119374659751848
"667";"SAR0_-0.7";25;-0.7;-0.726189936166;549;0.8784;30;0.0140523024359988
"668";"SAR1_-0.7";25;-0.7;-0.679117758104;577;0.9232;30;0.00964271700890566
"669";"SAR0_-0.7";25;-0.7;-0.724623514291;441;0.7056;30;0.0532547248505166
"670";"SAR1_-0.7";25;-0.7;-0.741517589266;440;0.704;30;0.054007576193043
"671";"SAR0_-0.7";25;-0.7;-0.707846526874;478;0.7648;30;0.0342893826312743
"672";"SAR1_-0.7";25;-0.7;-0.672394759156;612;0.9792;30;0.0059665507230528
"673";"SAR0_-0.7";25;-0.7;-0.691464897438;558;0.8928;30;0.0124364408298923
"674";"SAR1_-0.7";25;-0.7;-0.691828029917;478;0.7648;30;0.034202576335576
"675";"SAR0_-0.7";25;-0.7;-0.690522280957;572;0.9152;30;0.0103208441781788
"676";"SAR1_-0.7";25;-0.7;-0.671694545357;590;0.944;30;0.00808250465410548
"677";"SAR0_-0.7";25;-0.7;-0.689916380665;606;0.9696;30;0.00648448144878885
"678";"SAR1_-0.7";25;-0.7;-0.717773267872;582;0.9312;30;0.00903078090332494
"679";"SAR0_-0.7";25;-0.7;-0.72677533274;582;0.9312;30;0.00903485160614174
"680";"SAR1_-0.7";25;-0.7;-0.666665412738;558;0.8928;30;0.0124063039686381
"681";"SAR0_-0.7";25;-0.7;-0.688948529408;595;0.952;30;0.0075507464866115
"682";"SAR1_-0.7";25;-0.7;-0.718714030589;615;0.984;30;0.0057100512407161
"683";"SAR0_-0.7";25;-0.7;-0.696334414708;547;0.8752;30;0.0143770981519481
"684";"SAR1_-0.7";25;-0.7;-0.724022555011;506;0.8096;30;0.0243664077200229
"685";"SAR0_-0.7";25;-0.7;-0.722523814782;499;0.7984;30;0.0265775457042292
"686";"SAR1_-0.7";25;-0.7;-0.749599242235;540;0.864;30;0.0158498214482885
"687";"SAR0_-0.7";25;-0.7;-0.708227646682;591;0.9456;30;0.00798120746463707
"688";"SAR1_-0.7";25;-0.7;-0.688258601371;572;0.9152;30;0.0103191638324971
"689";"SAR0_-0.7";25;-0.7;-0.701659866766;567;0.9072;30;0.0110448691542513
"690";"SAR1_-0.7";25;-0.7;-0.73254437225;492;0.7872;30;0.029019741436004
"691";"SAR0_-0.7";25;-0.7;-0.723328462595;541;0.8656;30;0.0155956520572832
"692";"SAR1_-0.7";25;-0.7;-0.679269101199;527;0.8432;30;0.0185711453928193
"693";"SAR0_-0.7";25;-0.7;-0.717500277502;537;0.8592;30;0.0164144793210748
"694";"SAR1_-0.7";25;-0.7;-0.703565606932;517;0.8272;30;0.0211577530312198
"695";"SAR0_-0.7";25;-0.7;-0.742180241895;611;0.9776;30;0.00603775745607334
"696";"SAR1_-0.7";25;-0.7;-0.70532934137;522;0.8352;30;0.0198636560270449
"697";"SAR0_-0.7";25;-0.7;-0.690304270258;615;0.984;30;0.00571705358148257
"698";"SAR1_-0.7";25;-0.7;-0.685834470457;512;0.8192;30;0.0224748046117678
"699";"SAR0_-0.7";25;-0.7;-0.690549897341;556;0.8896;30;0.0127678840523644
"700";"SAR1_-0.7";25;-0.7;-0.710406086696;562;0.8992;30;0.0118151414894018
"701";"SAR0_-0.7";25;-0.7;-0.71285366423;570;0.912;30;0.0106191365330367
"702";"SAR1_-0.7";25;-0.7;-0.684964580149;542;0.8672;30;0.015323401729931
"703";"SAR0_-0.7";25;-0.7;-0.714856712434;496;0.7936;30;0.0275500745973322
"704";"SAR1_-0.7";25;-0.7;-0.704623086701;482;0.7712;30;0.0326502994695875
"705";"SAR0_-0.7";25;-0.7;-0.65156627496;610;0.976;30;0.00613870011664905
"706";"SAR1_-0.7";25;-0.7;-0.728023789388;549;0.8784;30;0.0140551327082049
"707";"SAR0_-0.7";25;-0.7;-0.667626023521;535;0.856;30;0.0167366270988954
"708";"SAR1_-0.7";25;-0.7;-0.746441201263;560;0.896;30;0.0121741696020001
"709";"SAR0_-0.7";25;-0.7;-0.687869198392;539;0.8624;30;0.0159362638067164
"710";"SAR1_-0.7";25;-0.7;-0.707485343299;586;0.9376;30;0.00854706218066349
"711";"SAR0_-0.7";25;-0.7;-0.707151027302;532;0.8512;30;0.0174846209306071
"712";"SAR1_-0.7";25;-0.7;-0.695699021007;518;0.8288;30;0.0208683902643715
"713";"SAR0_-0.7";25;-0.7;-0.696397901229;559;0.8944;30;0.0122789258641805
"714";"SAR1_-0.7";25;-0.7;-0.746243437834;552;0.8832;30;0.0135371860798967
"715";"SAR0_-0.7";25;-0.7;-0.733654127507;416;0.6656;30;0.0708619240059394
"716";"SAR1_-0.7";25;-0.7;-0.738437073624;569;0.9104;30;0.010783925704039
"717";"SAR0_-0.7";25;-0.7;-0.681113170218;592;0.9472;30;0.00786673398144446
"718";"SAR1_-0.7";25;-0.7;-0.7178741154;548;0.8768;30;0.014224729775305
"719";"SAR0_-0.7";25;-0.7;-0.699567587658;481;0.7696;30;0.0330227509595023
"720";"SAR1_-0.7";25;-0.7;-0.701983114338;505;0.808;30;0.0245912979742136
"721";"SAR0_-0.7";25;-0.7;-0.685543541683;575;0.92;30;0.00990981737924542
"722";"SAR1_-0.7";25;-0.7;-0.674328463422;536;0.8576;30;0.0165370009222454
"723";"SAR0_-0.7";25;-0.7;-0.749785252816;582;0.9312;30;0.00904524488739857
"724";"SAR1_-0.7";25;-0.7;-0.713412013072;560;0.896;30;0.0121367597712769
"725";"SAR0_-0.7";25;-0.7;-0.729174112502;523;0.8368;30;0.0196773417084268
"726";"SAR1_-0.7";25;-0.7;-0.712789093641;496;0.7936;30;0.0275413634313332
"727";"SAR0_-0.7";25;-0.7;-0.695794487747;463;0.7408;30;0.0409652107055815
"728";"SAR1_-0.7";25;-0.7;-0.729984758117;500;0.8;30;0.0262795150369409
"729";"SAR0_-0.7";25;-0.7;-0.692463877336;532;0.8512;30;0.0174509507787737
"730";"SAR1_-0.7";25;-0.7;-0.713760881398;617;0.9872;30;0.00555180906721799
"731";"SAR0_-0.7";25;-0.7;-0.657224524029;616;0.9856;30;0.00564583071697715
"732";"SAR1_-0.7";25;-0.7;-0.724126759209;533;0.8528;30;0.0172990924948895
"733";"SAR0_-0.7";25;-0.7;-0.662503734958;593;0.9488;30;0.00775639950058551
"734";"SAR1_-0.7";25;-0.7;-0.721201770418;529;0.8464;30;0.0182049153643872
"735";"SAR0_-0.7";25;-0.7;-0.697161037145;579;0.9264;30;0.00939591046772638
"736";"SAR1_-0.7";25;-0.7;-0.744294640786;559;0.8944;30;0.0123349647163555
"737";"SAR0_-0.7";25;-0.7;-0.669341499073;566;0.9056;30;0.0111631480303381
"738";"SAR1_-0.7";25;-0.7;-0.717936294988;582;0.9312;30;0.00903085464654121
"739";"SAR0_-0.7";25;-0.7;-0.695376782367;434;0.6944;30;0.0574714632424616
"740";"SAR1_-0.7";25;-0.7;-0.741081424001;553;0.8848;30;0.0133523662618721
"741";"SAR0_-0.7";25;-0.7;-0.703206886595;545;0.872;30;0.0147689209855681
"742";"SAR1_-0.7";25;-0.7;-0.720241530701;614;0.9824;30;0.00579107871225498
"743";"SAR0_-0.7";25;-0.7;-0.673340205967;508;0.8128;30;0.0235850384142846
"744";"SAR1_-0.7";25;-0.7;-0.705894736064;506;0.8096;30;0.0243007153391388
"745";"SAR0_-0.7";25;-0.7;-0.729171413942;560;0.896;30;0.0121546368843303
"746";"SAR1_-0.7";25;-0.7;-0.706720524542;448;0.7168;30;0.0489630786551236
"747";"SAR0_-0.7";25;-0.7;-0.687428229423;505;0.808;30;0.0245371235619522
"748";"SAR1_-0.7";25;-0.7;-0.695852399389;608;0.9728;30;0.00630542955446959
"749";"SAR0_-0.7";25;-0.7;-0.656763719541;556;0.8896;30;0.0127242802032379
"750";"SAR1_-0.7";25;-0.7;-0.694312846403;574;0.9184;30;0.0100498977293702
"751";"SAR0_-0.7";25;-0.7;-0.680824321346;587;0.9392;30;0.00842239142708853
"752";"SAR1_-0.7";25;-0.7;-0.711860654246;491;0.7856;30;0.0292854878096397
"753";"SAR0_-0.7";25;-0.7;-0.723391734326;585;0.936;30;0.00867052957920835
"754";"SAR1_-0.7";25;-0.7;-0.731168241423;605;0.968;30;0.00657234578008313
"755";"SAR0_-0.7";25;-0.7;-0.735596365308;589;0.9424;30;0.0082108598676699
"756";"SAR1_-0.7";25;-0.7;-0.707958971266;531;0.8496;30;0.0177125856791228
"757";"SAR0_-0.7";25;-0.7;-0.720989798175;554;0.8864;30;0.013149882510332
"758";"SAR1_-0.7";25;-0.7;-0.698739776006;590;0.944;30;0.00808923934274655
"759";"SAR0_-0.7";25;-0.7;-0.707516495857;503;0.8048;30;0.0252325774634398
"760";"SAR1_-0.7";25;-0.7;-0.713132336562;614;0.9824;30;0.00579271825298986
"761";"SAR0_-0.7";25;-0.7;-0.705863328089;546;0.8736;30;0.0145819349670735
"762";"SAR1_-0.7";25;-0.7;-0.67365303521;541;0.8656;30;0.015501909196656
"763";"SAR0_-0.7";25;-0.7;-0.740305566292;587;0.9392;30;0.00844157368249292
"764";"SAR1_-0.7";25;-0.7;-0.7437750997;613;0.9808;30;0.00586850028761125
"765";"SAR0_-0.7";25;-0.7;-0.731520322386;587;0.9392;30;0.00843874408081938
"766";"SAR1_-0.7";25;-0.7;-0.706629174879;501;0.8016;30;0.0258640886542525
"767";"SAR0_-0.7";25;-0.7;-0.684321094321;572;0.9152;30;0.0103162399498553
"768";"SAR1_-0.7";25;-0.7;-0.667155463004;599;0.9584;30;0.00714464738605426
"769";"SAR0_-0.7";25;-0.7;-0.656578733386;561;0.8976;30;0.0119137153904926
"770";"SAR1_-0.7";25;-0.7;-0.707031978497;462;0.7392;30;0.0415280914027845
"771";"SAR0_-0.7";25;-0.7;-0.675179965345;510;0.816;30;0.0230088014328952
"772";"SAR1_-0.7";25;-0.7;-0.685439269663;498;0.7968;30;0.0267560175705372
"773";"SAR0_-0.7";25;-0.7;-0.734602009658;541;0.8656;30;0.0156167379985238
"774";"SAR1_-0.7";25;-0.7;-0.671151322344;615;0.984;30;0.00572177037134777
"775";"SAR0_-0.7";25;-0.7;-0.701723043931;470;0.752;30;0.0377184786077082
"776";"SAR1_-0.7";25;-0.7;-0.660066393155;537;0.8592;30;0.0162955955573969
"777";"SAR0_-0.7";25;-0.7;-0.686391291245;580;0.928;30;0.00926406451175006
"778";"SAR1_-0.7";25;-0.7;-0.704618601512;615;0.984;30;0.00571352631027194
"779";"SAR0_-0.7";25;-0.7;-0.691893674336;501;0.8016;30;0.0258059082643981
"780";"SAR1_-0.7";25;-0.7;-0.698016781266;537;0.8592;30;0.0163743914335677
"781";"SAR0_-0.7";25;-0.7;-0.720753850776;605;0.968;30;0.00657310622736372
"782";"SAR1_-0.7";25;-0.7;-0.724577413627;523;0.8368;30;0.019664923014376
"783";"SAR0_-0.7";25;-0.7;-0.708035119374;484;0.7744;30;0.0318828250968541
"784";"SAR1_-0.7";25;-0.7;-0.716406647015;575;0.92;30;0.00992990301819362
"785";"SAR0_-0.7";25;-0.7;-0.707362472895;513;0.8208;30;0.0222645315550653
"786";"SAR1_-0.7";25;-0.7;-0.666912966988;474;0.7584;30;0.0357490188075203
"787";"SAR0_-0.7";25;-0.7;-0.674269745571;566;0.9056;30;0.0111677646176842
"788";"SAR1_-0.7";25;-0.7;-0.682855408194;588;0.9408;30;0.00830904344935971
"789";"SAR0_-0.7";25;-0.7;-0.726104919896;543;0.8688;30;0.015199755126612
"790";"SAR1_-0.7";25;-0.7;-0.716966138568;514;0.8224;30;0.0220165878499251
"791";"SAR0_-0.7";25;-0.7;-0.709453716316;593;0.9488;30;0.00776477374141849
"792";"SAR1_-0.7";25;-0.7;-0.724056145449;475;0.76;30;0.0356437665066527
"793";"SAR0_-0.7";25;-0.7;-0.746749606325;577;0.9232;30;0.00968273541808016
"794";"SAR1_-0.7";25;-0.7;-0.680516930243;563;0.9008;30;0.0116279900733708
"795";"SAR0_-0.7";25;-0.7;-0.724173266831;514;0.8224;30;0.022039459763773
"796";"SAR1_-0.7";25;-0.7;-0.662664282689;549;0.8784;30;0.0139534836684306
"797";"SAR0_-0.7";25;-0.7;-0.724111028233;485;0.776;30;0.0315754482252797
"798";"SAR1_-0.7";25;-0.7;-0.651945416124;563;0.9008;30;0.0115982861678032
"799";"SAR0_-0.7";25;-0.7;-0.694235305686;567;0.9072;30;0.0110381848124847
"800";"SAR1_-0.7";25;-0.7;-0.686299423972;531;0.8496;30;0.0176618605681422
"801";"SAR0_-0.7";25;-0.7;-0.691647158635;592;0.9472;30;0.00786885715361683
"802";"SAR1_-0.7";25;-0.7;-0.686152516219;474;0.7584;30;0.035860657790905
"803";"SAR0_-0.7";25;-0.7;-0.669315614154;536;0.8576;30;0.0165263390190768
"804";"SAR1_-0.7";25;-0.7;-0.72638521565;563;0.9008;30;0.0116753924665143
"805";"SAR0_-0.7";25;-0.7;-0.706039266816;615;0.984;30;0.00571317613935575
"806";"SAR1_-0.7";25;-0.7;-0.736055046616;601;0.9616;30;0.00695096599553246
"807";"SAR0_-0.7";25;-0.7;-0.695402068757;448;0.7168;30;0.0488770863263215
"808";"SAR1_-0.7";25;-0.7;-0.694732643894;486;0.7776;30;0.0310500761235062
"809";"SAR0_-0.7";25;-0.7;-0.684044151506;528;0.8448;30;0.0183475514693389
"810";"SAR1_-0.7";25;-0.7;-0.654907489823;573;0.9168;30;0.0101578442893251
"811";"SAR0_-0.7";25;-0.7;-0.666268750138;577;0.9232;30;0.00963508596024308
"812";"SAR1_-0.7";25;-0.7;-0.701716149146;441;0.7056;30;0.0530707078744156
"813";"SAR0_-0.7";25;-0.7;-0.65865426823;532;0.8512;30;0.0173727841766159
"814";"SAR1_-0.7";25;-0.7;-0.699160889004;522;0.8352;30;0.0198465058428469
"815";"SAR0_-0.7";25;-0.7;-0.705208038916;577;0.9232;30;0.00965818444274896
"816";"SAR1_-0.7";25;-0.7;-0.705164794457;617;0.9872;30;0.00555419463761378
"817";"SAR0_-0.7";25;-0.7;-0.700493455547;507;0.8112;30;0.0239797015923681
"818";"SAR1_-0.7";25;-0.7;-0.692711149076;500;0.8;30;0.0261311777431717
"819";"SAR0_-0.7";25;-0.7;-0.675164885623;516;0.8256;30;0.0213382675501239
"820";"SAR1_-0.7";25;-0.7;-0.681946767556;499;0.7984;30;0.0264127519794731
"821";"SAR0_-0.7";25;-0.7;-0.712794471534;609;0.9744;30;0.00621540667915043
"822";"SAR1_-0.7";25;-0.7;-0.675783264755;556;0.8896;30;0.0127488623828717
"823";"SAR0_-0.7";25;-0.7;-0.688172136061;597;0.9552;30;0.00734556520952366
"824";"SAR1_-0.7";25;-0.7;-0.692073291931;577;0.9232;30;0.00965040223576995
"825";"SAR0_-0.7";25;-0.7;-0.705444725858;528;0.8448;30;0.0184008075632608
"826";"SAR1_-0.7";25;-0.7;-0.683914377117;434;0.6944;30;0.057370431278404
"827";"SAR0_-0.7";25;-0.7;-0.676313564229;530;0.848;30;0.0178656091872621
"828";"SAR1_-0.7";25;-0.7;-0.659304639302;492;0.7872;30;0.0286893444093102
"829";"SAR0_-0.7";25;-0.7;-0.672301042474;452;0.7232;30;0.0464711420953026
"830";"SAR1_-0.7";25;-0.7;-0.668299342949;517;0.8272;30;0.0210497200859444
"831";"SAR0_-0.7";25;-0.7;-0.710859143274;473;0.7568;30;0.0364371477504306
"832";"SAR1_-0.7";25;-0.7;-0.686002959122;566;0.9056;30;0.0111787426158578
"833";"SAR0_-0.7";25;-0.7;-0.726028603344;498;0.7968;30;0.0269229600721378
"834";"SAR1_-0.7";25;-0.7;-0.694805540115;600;0.96;30;0.00704771794601258
"835";"SAR0_-0.7";25;-0.7;-0.701323764568;595;0.952;30;0.00755239257712849
"836";"SAR1_-0.7";25;-0.7;-0.651060060662;478;0.7648;30;0.0339767627694899
"837";"SAR0_-0.7";25;-0.7;-0.698098500598;570;0.912;30;0.0106072861087065
"838";"SAR1_-0.7";25;-0.7;-0.701709239291;537;0.8592;30;0.0163820078296929
"839";"SAR0_-0.7";25;-0.7;-0.715467968807;577;0.9232;30;0.00966425680586704
"840";"SAR1_-0.7";25;-0.7;-0.721311141997;566;0.9056;30;0.0112116656618147
"841";"SAR0_-0.7";25;-0.7;-0.712323253324;597;0.9552;30;0.00734771690805558
"842";"SAR1_-0.7";25;-0.7;-0.656694058118;589;0.9424;30;0.00818930723417897
"843";"SAR0_-0.7";25;-0.7;-0.714960076315;560;0.896;30;0.0121385180843828
"844";"SAR1_-0.7";25;-0.7;-0.717488781475;497;0.7952;30;0.0272227762465292
"845";"SAR0_-0.7";25;-0.7;-0.717969680256;567;0.9072;30;0.0110595284663674
"846";"SAR1_-0.7";25;-0.7;-0.690198140157;562;0.8992;30;0.0117935502093902
"847";"SAR0_-0.7";25;-0.7;-0.715414631104;575;0.92;30;0.00992925839273281
"848";"SAR1_-0.7";25;-0.7;-0.679075198189;608;0.9728;30;0.00630758237759013
"849";"SAR0_-0.7";25;-0.7;-0.701804482975;472;0.7552;30;0.0368249977298247
"850";"SAR1_-0.7";25;-0.7;-0.725884908464;468;0.7488;30;0.0387780265285985
"851";"SAR0_-0.7";25;-0.7;-0.714571285535;591;0.9456;30;0.00798263419401182
"852";"SAR1_-0.7";25;-0.7;-0.690015899757;507;0.8112;30;0.0239419290005492
"853";"SAR0_-0.7";25;-0.7;-0.687440054616;470;0.752;30;0.0376327506902925
"854";"SAR1_-0.7";25;-0.7;-0.710294733184;541;0.8656;30;0.0155711869423136
"855";"SAR0_-0.7";25;-0.7;-0.650340688192;544;0.8704;30;0.014869101736267
"856";"SAR1_-0.7";25;-0.7;-0.711791130923;531;0.8496;30;0.0177215194969738
"857";"SAR0_-0.7";25;-0.7;-0.714937627625;530;0.848;30;0.0179579570170435
"858";"SAR1_-0.7";25;-0.7;-0.671156140743;544;0.8704;30;0.0149060930872643
"859";"SAR0_-0.7";25;-0.7;-0.728193208065;516;0.8256;30;0.0215023756242705
"860";"SAR1_-0.7";25;-0.7;-0.688899554995;510;0.816;30;0.0230562371802991
"861";"SAR0_-0.7";25;-0.7;-0.703661076645;458;0.7328;30;0.0435189252538951
"862";"SAR1_-0.7";25;-0.7;-0.714623067764;522;0.8352;30;0.0198894112875712
"863";"SAR0_-0.7";25;-0.7;-0.710955633966;617;0.9872;30;0.00555258766287322
"864";"SAR1_-0.7";25;-0.7;-0.73905927149;526;0.8416;30;0.018963253849988
"865";"SAR0_-0.7";25;-0.7;-0.727472097063;496;0.7936;30;0.0276029811754861
"866";"SAR1_-0.7";25;-0.7;-0.726973048699;513;0.8208;30;0.0223279224879503
"867";"SAR0_-0.7";25;-0.7;-0.705406303663;603;0.9648;30;0.00676010492579229
"868";"SAR1_-0.7";25;-0.7;-0.717169789989;580;0.928;30;0.00927968501903662
"869";"SAR0_-0.7";25;-0.7;-0.725239216528;508;0.8128;30;0.0237687757194086
"870";"SAR1_-0.7";25;-0.7;-0.676779602539;585;0.936;30;0.00865311257090407
"871";"SAR0_-0.7";25;-0.7;-0.708060354755;490;0.784;30;0.029629478017469
"872";"SAR1_-0.7";25;-0.7;-0.722622897476;590;0.944;30;0.00809518084309137
"873";"SAR0_-0.7";25;-0.7;-0.749011475261;505;0.808;30;0.0247633927758922
"874";"SAR1_-0.7";25;-0.7;-0.736762516367;505;0.808;30;0.0247190015857007
"875";"SAR0_-0.7";25;-0.7;-0.699624258963;496;0.7936;30;0.0274856336155534
"876";"SAR1_-0.7";25;-0.7;-0.712216238997;557;0.8912;30;0.012627611660585
"877";"SAR0_-0.7";25;-0.7;-0.706873022713;560;0.896;30;0.0121293273462614
"878";"SAR1_-0.7";25;-0.7;-0.72678940409;578;0.9248;30;0.00954055143369621
"879";"SAR0_-0.7";25;-0.7;-0.675693778565;554;0.8864;30;0.0130883106130296
"880";"SAR1_-0.7";25;-0.7;-0.705619552153;593;0.9488;30;0.00776409026082868
"881";"SAR0_-0.7";25;-0.7;-0.676728764179;448;0.7168;30;0.0487329786742736
"882";"SAR1_-0.7";25;-0.7;-0.671721691057;603;0.9648;30;0.00676126606905958
"883";"SAR0_-0.7";25;-0.7;-0.735187620615;537;0.8592;30;0.0164506566822496
"884";"SAR1_-0.7";25;-0.7;-0.735346778288;492;0.7872;30;0.0290320703086454
"885";"SAR0_-0.7";25;-0.7;-0.691754393182;576;0.9216;30;0.00978122325171056
"886";"SAR1_-0.7";25;-0.7;-0.660795447126;462;0.7392;30;0.0412206670573304
"887";"SAR0_-0.7";25;-0.7;-0.746596709021;558;0.8928;30;0.0125029358552617
"888";"SAR1_-0.7";25;-0.7;-0.708043298906;525;0.84;30;0.0191264515692608
"889";"SAR0_-0.7";25;-0.7;-0.68618020357;551;0.8816;30;0.0136287797200045
"890";"SAR1_-0.7";25;-0.7;-0.721201770418;529;0.8464;30;0.0182049153643872
"891";"SAR0_-0.7";25;-0.7;-0.66214598135;485;0.776;30;0.0312672152774972
"892";"SAR1_-0.7";25;-0.7;-0.699205281389;551;0.8816;30;0.013648016114187
"893";"SAR0_-0.7";25;-0.7;-0.692044276883;607;0.9712;30;0.00639452936885455
"894";"SAR1_-0.7";25;-0.7;-0.707908788674;577;0.9232;30;0.00965978344457741
"895";"SAR0_-0.7";25;-0.7;-0.714843496615;542;0.8672;30;0.0153784771939264
"896";"SAR1_-0.7";25;-0.7;-0.651688506047;516;0.8256;30;0.0212643192569327
"897";"SAR0_-0.7";25;-0.7;-0.689267811098;551;0.8816;30;0.0136333448955473
"898";"SAR1_-0.7";25;-0.7;-0.728920346299;538;0.8608;30;0.0162262271202217
"899";"SAR0_-0.7";25;-0.7;-0.706182989436;476;0.7616;30;0.0351185016830296
"900";"SAR1_-0.7";25;-0.7;-0.729666965053;606;0.9696;30;0.00648083300089576
"901";"SAR0_-0.7";25;-0.7;-0.706606544162;510;0.816;30;0.0231169719097749
"902";"SAR1_-0.7";25;-0.7;-0.705974053152;585;0.936;30;0.00866402679589869
"903";"SAR0_-0.7";25;-0.7;-0.651018005907;532;0.8512;30;0.0173550023724791
"904";"SAR1_-0.7";25;-0.7;-0.705867969943;534;0.8544;30;0.0170375267870834
"905";"SAR0_-0.7";25;-0.7;-0.673341037663;584;0.9344;30;0.00876994455940579
"906";"SAR1_-0.7";25;-0.7;-0.738566334208;581;0.9296;30;0.00916457093114339
"907";"SAR0_-0.7";25;-0.7;-0.726024912777;531;0.8496;30;0.0177545948863101
"908";"SAR1_-0.7";25;-0.7;-0.67418598541;444;0.7104;30;0.0510363102021077
"909";"SAR0_-0.7";25;-0.7;-0.74156529167;445;0.712;30;0.0509701716057186
"910";"SAR1_-0.7";25;-0.7;-0.704172507813;526;0.8416;30;0.0188739492672164
"911";"SAR0_-0.7";25;-0.7;-0.745013888025;569;0.9104;30;0.0107893901804049
"912";"SAR1_-0.7";25;-0.7;-0.732259431559;492;0.7872;30;0.0290184865867978
"913";"SAR0_-0.7";25;-0.7;-0.726556340951;597;0.9552;30;0.00734898464992782
"914";"SAR1_-0.7";25;-0.7;-0.726106945963;481;0.7696;30;0.0331598406959498
"915";"SAR0_-0.7";25;-0.7;-0.691649670921;483;0.7728;30;0.0321898646554564
"916";"SAR1_-0.7";25;-0.7;-0.706094552678;469;0.7504;30;0.0381991035749564
"917";"SAR0_-0.7";25;-0.7;-0.705942511219;461;0.7376;30;0.0420163514731781
"918";"SAR1_-0.7";25;-0.7;-0.697448237191;557;0.8912;30;0.0126092140107748
"919";"SAR0_-0.7";25;-0.7;-0.731662152169;468;0.7488;30;0.0388124956490188
"920";"SAR1_-0.7";25;-0.7;-0.683851196595;458;0.7328;30;0.0433824697225888
"921";"SAR0_-0.7";25;-0.7;-0.685241118126;560;0.896;30;0.0121046783269789
"922";"SAR1_-0.7";25;-0.7;-0.676917393424;478;0.7648;30;0.0341208034117808
"923";"SAR0_-0.7";25;-0.7;-0.710724769741;591;0.9456;30;0.00798176912256604
"924";"SAR1_-0.7";25;-0.7;-0.733479934846;503;0.8048;30;0.0253308193674037
"925";"SAR0_-0.7";25;-0.7;-0.674205088998;547;0.8752;30;0.014340799351137
"926";"SAR1_-0.7";25;-0.7;-0.703007638129;560;0.896;30;0.0121249297650642
"927";"SAR0_-0.7";25;-0.7;-0.68225680284;560;0.896;30;0.012101270367509
"928";"SAR1_-0.7";25;-0.7;-0.722580343611;565;0.904;30;0.0113638601654087
"929";"SAR0_-0.7";25;-0.7;-0.688931467566;529;0.8464;30;0.0181264797237361
"930";"SAR1_-0.7";25;-0.7;-0.671901882153;490;0.784;30;0.0294610824106185
"931";"SAR0_-0.7";25;-0.7;-0.702069882859;514;0.8224;30;0.0219690613601872
"932";"SAR1_-0.7";25;-0.7;-0.674226611083;616;0.9856;30;0.00564138058884745
"933";"SAR0_-0.7";25;-0.7;-0.706575797013;491;0.7856;30;0.0292615241708334
"934";"SAR1_-0.7";25;-0.7;-0.749252789188;573;0.9168;30;0.0102248926196793
"935";"SAR0_-0.7";25;-0.7;-0.658921998512;603;0.9648;30;0.00676170723485138
"936";"SAR1_-0.7";25;-0.7;-0.675020573099;529;0.8464;30;0.0180923778505494
"937";"SAR0_-0.7";25;-0.7;-0.670934867159;510;0.816;30;0.0229940570143309
"938";"SAR1_-0.7";25;-0.7;-0.67591466817;557;0.8912;30;0.012582293499288
"939";"SAR0_-0.7";25;-0.7;-0.697344398061;515;0.824;30;0.0216790866113021
"940";"SAR1_-0.7";25;-0.7;-0.671574228441;601;0.9616;30;0.00695061956369082
"941";"SAR0_-0.7";25;-0.7;-0.714094778697;450;0.72;30;0.0478867141366369
"942";"SAR1_-0.7";25;-0.7;-0.709852673174;496;0.7936;30;0.0275289725152568
"943";"SAR0_-0.7";25;-0.7;-0.652240245378;537;0.8592;30;0.0162792293450907
"944";"SAR1_-0.7";25;-0.7;-0.713032424233;467;0.7472;30;0.0391657145067964
"945";"SAR0_-0.7";25;-0.7;-0.686548161818;524;0.8384;30;0.0193141183020016
"946";"SAR1_-0.7";25;-0.7;-0.7083584537;546;0.8736;30;0.0145861070953048
"947";"SAR0_-0.7";25;-0.7;-0.726033714971;518;0.8288;30;0.0209586702681531
"948";"SAR1_-0.7";25;-0.7;-0.712986445476;497;0.7952;30;0.0272040954609517
"949";"SAR0_-0.7";25;-0.7;-0.679475349627;545;0.872;30;0.0147280901443078
"950";"SAR1_-0.7";25;-0.7;-0.695190551889;560;0.896;30;0.0121160271840218
"951";"SAR0_-0.7";25;-0.7;-0.6955147513;507;0.8112;30;0.0239617791966325
"952";"SAR1_-0.7";25;-0.7;-0.710050098125;584;0.9344;30;0.00878462494025545
"953";"SAR0_-0.7";25;-0.7;-0.676188823447;576;0.9216;30;0.00977153509103576
"954";"SAR1_-0.7";25;-0.7;-0.732297070765;584;0.9344;30;0.0087935055758966
"955";"SAR0_-0.7";25;-0.7;-0.673641362589;472;0.7552;30;0.0366590300765075
"956";"SAR1_-0.7";25;-0.7;-0.732592779429;525;0.84;30;0.0191905272354053
"957";"SAR0_-0.7";25;-0.7;-0.708136361824;598;0.9568;30;0.00724631130037804
"958";"SAR1_-0.7";25;-0.7;-0.658057421474;501;0.8016;30;0.0256704205235585
"959";"SAR0_-0.7";25;-0.7;-0.6805603099;508;0.8128;30;0.023610900352184
"960";"SAR1_-0.7";25;-0.7;-0.70554365741;610;0.976;30;0.00612987126106548
"961";"SAR0_-0.7";25;-0.7;-0.730012819237;574;0.9184;30;0.010074165867364
"962";"SAR1_-0.7";25;-0.7;-0.69959329408;528;0.8448;30;0.0183862887887397
"963";"SAR0_-0.7";25;-0.7;-0.681561227952;585;0.936;30;0.00865490141758567
"964";"SAR1_-0.7";25;-0.7;-0.677226644365;596;0.9536;30;0.00744624052817229
"965";"SAR0_-0.7";25;-0.7;-0.71606421328;566;0.9056;30;0.0112067838746672
"966";"SAR1_-0.7";25;-0.7;-0.680630660783;496;0.7936;30;0.0274044213541432
"967";"SAR0_-0.7";25;-0.7;-0.706147942128;607;0.9712;30;0.00639297487594866
"968";"SAR1_-0.7";25;-0.7;-0.700885629748;525;0.84;30;0.0191076504216349
"969";"SAR0_-0.7";25;-0.7;-0.676687847005;562;0.8992;30;0.0117790746115972
"970";"SAR1_-0.7";25;-0.7;-0.720293803053;517;0.8272;30;0.021208391387583
"971";"SAR0_-0.7";25;-0.7;-0.724658318493;516;0.8256;30;0.0214915620379772
"972";"SAR1_-0.7";25;-0.7;-0.687636046983;544;0.8704;30;0.0149352332613742
"973";"SAR0_-0.7";25;-0.7;-0.68612233725;585;0.936;30;0.00865660730919518
"974";"SAR1_-0.7";25;-0.7;-0.675312691257;577;0.9232;30;0.00964045810780039
"975";"SAR0_-0.7";25;-0.7;-0.718690541178;545;0.872;30;0.0147954228294428
"976";"SAR1_-0.7";25;-0.7;-0.671459925448;556;0.8896;30;0.0127432827124194
"977";"SAR0_-0.7";25;-0.7;-0.722737957959;511;0.8176;30;0.0228827083121489
"978";"SAR1_-0.7";25;-0.7;-0.74616321916;497;0.7952;30;0.0273405343953818
"979";"SAR0_-0.7";25;-0.7;-0.716613811014;547;0.8752;30;0.0144101848454408
"980";"SAR1_-0.7";25;-0.7;-0.711432613504;452;0.7232;30;0.046759137533949
"981";"SAR0_-0.7";25;-0.7;-0.699863532916;428;0.6848;30;0.0615906672674914
"982";"SAR1_-0.7";25;-0.7;-0.704067369624;556;0.8896;30;0.0127852476770157
"983";"SAR0_-0.7";25;-0.7;-0.701853520585;516;0.8256;30;0.0214213678504702
"984";"SAR1_-0.7";25;-0.7;-0.70572567418;470;0.752;30;0.037742317987669
"985";"SAR0_-0.7";25;-0.7;-0.743669300344;565;0.904;30;0.0113841354048939
"986";"SAR1_-0.7";25;-0.7;-0.666670994247;510;0.816;30;0.0229792155271298
"987";"SAR0_-0.7";25;-0.7;-0.702063804288;603;0.9648;30;0.00676022015418158
"988";"SAR1_-0.7";25;-0.7;-0.682411281203;516;0.8256;30;0.0213609322285102
"989";"SAR0_-0.7";25;-0.7;-0.660369589093;529;0.8464;30;0.0180562725922482
"990";"SAR1_-0.7";25;-0.7;-0.721894310721;596;0.9536;30;0.00745119310295159
"991";"SAR0_-0.7";25;-0.7;-0.700532098185;603;0.9648;30;0.00676027295712759
"992";"SAR1_-0.7";25;-0.7;-0.683301590046;509;0.8144;30;0.0233271418348162
"993";"SAR0_-0.7";25;-0.7;-0.710615469179;611;0.9776;30;0.00604346918733078
"994";"SAR1_-0.7";25;-0.7;-0.664858500241;560;0.896;30;0.012081366560737
"995";"SAR0_-0.7";25;-0.7;-0.682268072802;584;0.9344;30;0.0087735176407964
"996";"SAR1_-0.7";25;-0.7;-0.721017529301;572;0.9152;30;0.0103434382963541
"997";"SAR0_-0.7";25;-0.7;-0.718795350856;567;0.9072;30;0.0110602696878424
"998";"SAR1_-0.7";25;-0.7;-0.695014632629;497;0.7952;30;0.0271290097134139
"999";"SAR0_-0.7";25;-0.7;-0.731085705927;568;0.9088;30;0.0109236534370845
"1000";"SAR1_-0.7";25;-0.7;-0.701842521604;529;0.8464;30;0.0181579740490917
